1.0865521431,-1.9874407053,1.9036324024,0.1533290297,0.7334863544,-0.2958013415,-0.2329684496,0.6417931914,-1.1484709978,1.7221626043,1.6736693382,1.4889358282,-0.0195525121,0.6207931638,-0.2816088796,2.2786631584,-1.2447712421,-0.0155481072,-1.0431091785,0.3361965418,1.4428772926,0.2118400037,-0.2431922257,0.3247222900,-1.6467930079,-0.8886031508,-1.8916274309,1.2295287848,0.4657306671,0.2654503584,1.5333137512,0.5023360252,0.7291879654,-1.1438628435,-0.1448754966,-1.0166110992,-0.5288227201,1.0830131769,0.0601744615,0.2682912350,-1.4680292606,0.3907437623,0.4488994181,-0.0463004746,1.8358746767,-1.2268775702,0.5134009719,-0.7569680214,0.0246537738,-0.2003778070,0.1423814893,0.7816508412,-1.3109734058,1.5179914236,0.1337823123,-1.3095713854,0.3490377069,0.1530843079,0.5505843759,0.5431099534,-0.3871556520,0.6262730360,-0.2058160901,0.9069636464,-0.4515124857,-2.3396501541,1.0829256773,0.4986961186,-0.8604884148,0.5317236781,1.5951457024,0.4375827014,-0.4539966285,1.2600398064,-2.8803279400,-0.0273802578,0.9435343742,0.8943240643,1.6567002535,1.9411152601,-1.1618191004,-0.0503874943,0.3866348863,0.1649515182,-0.0883118436,-0.9540574551,2.0301885605,0.2968406677,-0.2866844535,0.4119085968,1.0227959156,0.6369253993,-1.5765162706,-0.7155872583,-0.9846763611,1.4695761204,-0.3020761609,-0.3021735847,0.7434898615,-1.2804453373
1.8098247051,0.1232258826,1.9998573065,0.3966133595,-1.2422369719,-0.0505819693,0.5568743944,-2.3805291653,0.0382298231,-0.3314642906,-0.3731638789,-0.3146932125,-0.7919532657,0.4650191665,-1.4383692741,-0.7336683273,-0.4324901700,-0.1905211806,-0.0902716741,1.5414704084,0.1037693173,0.8060616851,-0.9330816269,0.1450188011,-0.1557814777,0.3198373020,1.5344115496,0.5731359720,-1.0267459154,0.3562929630,1.2771874666,-1.2448329926,0.0922919661,-0.3652596772,-0.8129529357,-2.0470731258,-1.2282532454,0.5368165374,-0.5357160568,-0.2748528123,0.0262669101,-0.1261022389,-0.6923404336,1.4687824249,-0.8595581651,0.2808712721,0.7265048027,0.0924077481,2.0490453243,1.1523088217,0.0556250066,-0.8464534879,-0.4950352907,-0.7915860415,-2.1884837151,0.3975251615,-0.7300853133,-0.2826559246,-0.8693484664,-0.5867999792,-1.0237516165,-0.6228892803,1.2759946585,0.5119478703,-0.5312944055,0.3997716904,1.7537140846,0.6880940199,-0.4093860090,-0.3200283051,0.2387136221,-0.4831464291,-0.8859605193,-0.2210362405,0.1950795650,0.3099813461,-2.4836833477,-0.9424694777,-1.3637881279,-1.6149352789,1.1455348730,-0.1929255128,-1.7019929886,1.6762440205,-0.5382807255,0.0610320158,2.0701289177,0.0413951054,-0.1370373666,0.6140257120,-1.5909080505,0.8899925947,0.7809622884,-0.9267302752,1.2528051138,-1.2423936129,0.6676077843,-1.2734218836,-0.3242481351,-0.0036823715
1.0102921724,0.3073134422,0.8711279631,1.0267189741,-1.9520390034,-0.3636317551,1.1470904350,-1.3111335039,-0.3464283943,1.6862056255,-0.2846041024,-0.9423188567,0.0176522546,-0.4145796597,-2.3380682468,-0.7691723108,0.5256350040,0.8451001644,0.7217608690,-0.0870398954,-0.3545854986,1.4873479605,-0.9149168134,0.4019304216,0.6455494761,0.4923394024,0.6773789525,-0.8670479059,-1.8839398623,-1.6295655966,0.3523641825,-0.2013905495,0.3077589571,1.4133828878,0.4363827109,0.6460588574,-0.5208551288,0.7088893652,-0.3337527514,0.9379587770,-1.2729133368,-1.0536023378,0.0386511870,1.1480424404,-0.7931745648,0.9891404510,1.3750448227,0.0479882658,-2.2192132473,0.5203536749,0.7800014615,1.0156022310,-0.3804665804,-0.2925284505,-0.2273863405,-0.7644487619,1.0555328131,-0.8364163041,-0.9141862392,0.4359218776,1.5731974840,-1.1802856922,-0.6503335238,3.1509926319,1.3202137947,0.4144185781,0.7434524298,-0.9425025582,1.4901707172,-1.7554459572,0.5733379722,1.6574310064,1.5257052183,0.2594107687,1.4267019033,-0.7230398059,-0.9114990830,0.7099974751,-1.3987998962,0.0025631357,0.9782433510,0.4264443815,0.8252582550,2.5047810078,0.4675759077,-1.7434008121,-1.2153179646,-1.0891294479,-1.3252677917,0.2924157679,1.0737175941,-0.6909962893,-0.6797370911,-0.0012742971,0.7860640883,-0.0232513733,-0.4051015377,0.1189908236,-0.9085294604,0.4661384225
-1.7619395256,-0.7233035564,0.7828204036,-0.6324971914,-0.0479207039,-0.6690046787,0.0861981362,-0.5198826790,1.0447834730,1.2575379610,0.1992002726,0.3236661851,1.9736647606,-0.2814308107,1.0849652290,0.5917025208,0.9933423996,1.4531337023,-0.8855660558,-1.7079285383,-0.2750389576,-0.5509890318,-2.4632165432,-1.4524981976,-0.4612047374,-0.0996923819,-1.6235805750,1.5544528961,-0.2284803391,-1.1813825369,-1.7104940414,-1.2991411686,0.1593144238,-0.3147982359,0.3177917004,-0.7677133083,-0.4770913422,-0.1135165915,2.0142786503,-1.6486177444,-0.9054277539,-1.0089544058,0.8094848990,-1.5277347565,-0.9956150055,0.1621192247,-0.6444060206,2.1424357891,-0.4939060807,0.9888178110,0.8446798325,0.1173384711,0.6137431264,1.6627739668,0.7186347246,-0.2629838288,-1.0119799376,2.5892815590,0.0310503412,1.5643067360,1.3124275208,-2.1264266968,-0.2703807354,-0.9309632778,0.4778154790,0.3306639791,0.8215023279,1.0271494389,1.6492484808,0.5988557935,-0.2296046019,0.4780690670,-0.1845598966,0.4303455949,-0.7478674054,-0.3811687827,0.1867682785,-1.4801702499,0.9588112235,0.7221702933,1.7104581594,-1.6754090786,-0.2881894708,0.5301720500,0.8146907091,1.2910133600,-0.8729693890,0.1082805097,-0.4281454086,-0.6643012762,-0.3013952374,-0.9817987084,-0.6270706654,-0.1198987737,-0.8498789072,1.2481000423,-0.3989171684,1.3532564640,-0.2977766097,-0.5318555832
-2.3743209839,-0.3383121789,-1.6262218952,2.0722830296,0.2440976948,0.2277698964,0.3795317709,1.1581184864,1.1378517151,0.3658889532,-1.4252895117,-0.8111612201,-0.5756338239,-1.2249842882,-0.9144663215,0.7040283680,0.3991829753,-0.0896201655,0.7665264010,-0.3667594492,0.0742688179,-0.9104384184,-0.9245924950,0.8175206184,-0.9893066883,0.5313740969,-0.1097005904,0.7902706861,-1.2221690416,-2.2777607441,-1.1066495180,-0.4745280147,1.1050548553,1.7310252190,-0.8300328851,-0.0989252478,-0.5977274776,-0.4476316571,-1.0601214170,-1.5645760298,0.1583290100,-0.1805883795,0.6324208975,-0.7590591908,1.1165972948,-1.9850529432,0.2353995889,-0.8865476847,-1.5923700333,1.1197453737,-0.0527434014,0.4970690608,0.1097981334,-0.0915062577,0.9369552732,-1.5188102722,0.6229222417,-0.0528744720,1.1044625044,-0.6153494716,1.1047551632,0.4556693137,1.0464863777,2.8584954739,-0.6368929744,2.0538659096,-0.0430710725,-1.3488651514,0.8530519605,1.1487573385,1.1639285088,-1.8845214844,-0.8122298121,0.0105188293,-0.5454902053,0.0462266728,-0.1081797779,0.3493716121,-0.5896357298,-1.8942885399,-0.8722506762,0.2704792619,0.1049710065,-0.9502903223,1.2088476419,0.0383758023,-0.1980812401,-0.6456320882,1.4922529459,0.1431953162,-1.2066669464,0.1025973931,-0.1902044415,0.3025843799,0.3511668742,-0.4694910347,-0.5057392120,0.5964399576,-3.5172052383,1.0795426369
-0.1021201089,0.8543738127,-0.1693931520,0.5731877685,0.2947901785,-0.0909995511,0.2622116506,-0.0943885669,-0.2881454229,0.3185746372,-0.0223841406,-0.4940197468,0.9851697087,1.2662830353,-1.1168720722,0.9360687733,-0.6445461512,1.0341612101,-1.4230138063,0.4361876249,-0.4900206029,-0.0797424614,-1.6264790297,0.4806684554,-0.6948249936,-0.1465036720,0.3247210681,0.7571966648,-0.0826710463,0.1872574389,0.0410298035,-0.7069063187,-0.9503943324,-0.4217033982,-1.1832554340,1.0143185854,-0.3766097128,-2.6086759567,0.9898785949,0.2814828455,0.4572233856,2.0388336182,-1.6726683378,0.3431174457,-1.0227806568,0.0646472350,1.2730805874,-0.7471274137,1.4053722620,0.7180297375,-0.4730712771,-0.6291858554,0.1502626389,0.2996350229,1.2917009592,0.4684585035,0.5649460554,1.0380507708,1.1586654186,0.1543673575,-0.1257734448,-0.0199763086,1.7486077547,1.8469467163,-0.1770690233,-0.7112054229,-0.6808601022,0.9188321233,1.0014451742,-0.6164776683,-0.6745997667,0.1677858084,-0.2539022267,-0.2353902012,0.5971279740,-0.6709960103,1.1590530872,0.8096207380,-0.5487535000,-1.7069864273,1.1303197145,2.1399867535,1.8436440229,0.5836963058,-0.9471241236,2.2489492893,2.4431173801,0.4043895602,-0.2593886554,0.9419712424,0.1092350334,0.7045191526,1.1806496382,1.2903779745,-1.5173348188,1.7071939707,1.1521129608,-0.9164456725,-0.8711419106,-0.9551455379
-1.3721648455,1.0945832729,0.4178609550,-1.2913054228,-0.0161403269,0.0882270858,0.8264563084,-0.8927993178,0.6193026900,-1.2715265751,-0.5332043171,-0.7005858421,0.4148201942,1.0684248209,0.3481907547,1.5164158344,-0.8291230798,1.2993972301,-0.4363039434,-0.3663986027,0.8110246062,0.3191178739,1.6414275169,-0.3597120643,-0.4912373722,0.2782709897,0.6124486327,0.2060699761,-1.0878195763,1.6037220955,-0.9992222190,0.5386937261,-0.9961627126,0.4070700407,-0.0820581615,-0.8625817299,-0.7132188678,-0.4726890028,-0.3372559547,1.4536643028,-1.8711403608,-0.1929331869,1.0647761822,-1.4332653284,-0.6520159841,1.2732124329,0.3788838089,-0.8060714006,0.9218472838,0.5153875947,1.8073244095,1.0595391989,0.2049531192,-0.6848135591,-1.1836651564,0.8138718605,1.2174309492,-0.6453305483,0.9982464910,0.5288012624,1.4482985735,0.7267084122,0.0536050946,-0.5539193749,-1.5510439873,1.3861443996,0.3289789855,1.0159338713,-1.0815862417,0.5968521237,-0.1441935003,-0.2239253819,0.3758839965,0.1476350129,0.7884213328,1.0374501944,0.0179308653,-1.1692219973,-0.1884052455,1.6077021360,0.7814048529,1.7331873178,0.5174673796,-0.3701725900,-0.2501252592,0.0313784294,-0.4431695938,0.2990967929,0.6579820514,-1.1685580015,-0.4858173728,1.1452264786,0.3738823533,-0.7852556705,-0.7812896967,-0.4616708457,1.2254495621,0.9081608057,1.0599358082,-1.6912040710
0.7090283036,-1.0266110897,-0.8450225592,0.8396750689,-0.0856218040,0.2071191072,0.1887020171,-1.5553345680,-0.0035500217,0.5789226890,0.7513322830,0.8245261312,1.3558645248,1.3935611248,-2.6930780411,-0.4767704308,-0.7120147943,1.4361068010,-0.2490405887,-1.5309664011,-0.8462419510,-1.3232728243,0.7000036836,0.0460456349,-1.9024504423,-0.0408376828,-1.2631987333,-0.0031891810,1.3175481558,-0.2786245942,0.0308475234,0.8424799442,0.2862690389,-0.3802796006,0.4067895412,-0.5534588099,0.3546432853,-0.7804211378,-0.9223433733,1.6634415388,0.9524233341,0.5698904991,-1.1329537630,0.6981089711,-1.4883719683,1.4107064009,0.2645263374,-0.2214495540,-1.2593015432,-0.3368609548,-0.0410217158,0.0038936096,1.1939908266,0.1057909876,1.3343076706,-2.1428639889,0.9738322496,-0.0372170471,-0.0920837224,1.3057501316,0.2363284081,0.1537643671,-1.1763877869,-0.8091368079,2.0221529007,-2.5005104542,0.4285771251,-0.2879666090,0.6138240099,0.9362890720,1.0302251577,0.2360167950,-0.1240841523,0.8630818129,-0.8930189013,-1.0124689341,2.3053312302,0.2571171522,-0.4392053187,-0.4821489155,1.4122292995,-0.2757872939,-0.1466621310,-1.3533782959,0.1085366532,-0.5456577539,0.3635016382,-0.9422969818,-0.6298924088,-1.1630320549,-0.5577316880,-0.8586788177,-0.1129640415,-0.0808960646,0.6949702501,0.5333979130,0.1465585828,2.0230240822,0.8284803033,-0.9236865044
-0.4579301476,-0.6625711918,-1.0639338493,-0.7938656807,-2.7344446182,-0.6948890686,2.5249166489,-0.2322472185,-0.7000405192,-0.0589496605,-0.0144084273,-2.4140100479,0.0945026204,0.9555147290,0.1532815993,-1.3364522457,1.2811235189,-1.4048727751,0.4053579569,-0.5340328217,0.3053480387,-1.5431125164,0.6540406942,0.7776650190,-0.7836165428,-0.3731944263,0.8519865870,0.0150875114,-0.8301416039,-1.5646749735,-0.5477636456,-0.6958172321,-0.5379028916,0.4908727109,1.5350140333,-0.2893087268,-1.5478984118,-0.2704350650,-0.6680511236,1.5143253803,2.2556676865,0.8931797743,-0.8651465178,-1.0077648163,-1.8082879782,-0.5905252099,1.3352259398,-0.4978170991,0.0181264058,0.6051656604,-2.5761501789,-1.2819375992,-2.8505663872,1.5271044970,-0.4352598786,0.0666474402,-0.0157152656,-1.2152166367,-0.2967335582,1.6355288029,1.7713872194,1.6103236675,-1.6306624413,0.3544741571,0.9988029003,0.5612915754,0.5298807621,-0.6401469707,-0.2531730235,0.7422959208,-1.7159277201,-1.2390260696,1.0257076025,0.3866166770,-1.0336812735,-1.3368303776,0.8670250177,-1.3662548065,-0.3675927818,-1.2782291174,1.0066291094,-0.0982555896,1.1956642866,-0.0108477892,-0.4389380515,0.3531691134,0.3123032451,-1.1336995363,-1.0383220911,-0.9735778570,-0.2887980938,1.5874290466,0.1995167732,-0.3450020850,1.2904360294,0.4011291862,-0.2083442360,-1.3274917603,-0.1803633273,-1.1681057215
0.4322976768,-0.3192817569,1.6412464380,-0.0140257869,0.6415243149,-2.4545395374,-0.2828243077,1.6884239912,-0.7855085731,-0.0048810001,-0.6402447820,0.3372421563,-1.2921879292,-1.2208365202,-0.0781661198,-1.3733767271,1.8353259563,-0.0037686354,0.0299606919,2.2102880478,-0.7477603555,-0.9821696877,-0.8526650667,-0.3146826029,0.4933165610,0.5006333590,0.8366194367,-1.4373055696,-0.0913970321,-0.2215642184,0.1884688735,-0.1488724947,1.8025711775,-1.3558253050,-0.1843818128,-1.6008535624,-0.6176677942,0.9989595413,0.4597484171,-0.4565408528,-0.2659854889,0.1294288933,-0.1586059630,-1.4147307873,-1.4681518078,-1.1656974554,-0.8743575811,-0.5259928107,0.2052591443,1.1252336502,2.3531346321,-0.2154880613,-1.7300680876,-1.4900287390,1.0017076731,0.6041460037,-1.6411961317,-0.2765236199,-1.0427529812,0.4240171313,-0.0447553210,0.3065817356,-1.3435385227,1.3955553770,0.2161496133,-0.1419832855,0.2003347725,0.3902568817,0.0159975849,1.5327008963,0.0336513072,0.3874234557,-1.4768991470,-1.1467698812,-0.2715947330,-0.8957884908,0.1834949702,1.8612253666,-0.2637153864,0.7152292728,2.3663153648,-0.5386908650,-1.4091715813,-0.4574917853,-1.6102958918,-0.3779656589,-0.8089910150,2.4495768547,-0.2870164812,-1.8915917873,-0.0290429555,1.1032278538,-0.2137710452,-1.0748125315,-1.5966506004,-0.3647367656,-0.7290500402,0.5362856984,0.7796387672,0.1695486158
0.4105206132,1.1889573336,0.6994714141,0.1608134359,1.2511100769,1.9655739069,0.1389385909,-0.8215928078,0.5165439844,-0.6063094735,0.1318071634,0.2810962796,1.2043194771,0.1462617368,-1.5518269539,2.1602885723,1.0242638588,-0.1564459652,-0.5552496910,-0.7059996128,-2.0777940750,1.5592758656,-1.0093903542,0.0979227573,0.0170752145,0.3313687742,1.4385981560,-0.9210557342,-0.7391456366,1.7702707052,1.0344686508,-0.0901205391,0.1295098662,-1.0827014446,0.8454399705,0.5695863366,0.3853971958,0.9214880466,0.8178917170,-0.2118035555,-0.3817497492,0.8377581239,-0.8587746620,0.0480063595,0.8621808887,-1.1156449318,0.8497602940,0.4846402407,0.1292496473,0.1753845513,-0.3351611197,-0.1636058837,1.5121753216,-1.4632796049,-2.0554175377,-0.1473086923,-1.3301576376,0.6550047994,-1.2016664743,-0.0497048423,0.2845929265,-1.0734320879,-1.0848201513,0.6263167858,-0.8082177043,-0.6266143918,-0.2431584597,1.4677277803,1.4809396267,-0.9998529553,0.6378292441,-0.8336579800,1.4788922071,2.2189507484,0.0610263199,-0.4791968465,0.5212671757,-0.8906635642,-0.9677791595,-2.2309787273,1.4073997736,0.2475916445,-0.1389030516,-1.7810410261,0.0332046002,1.9864823818,-0.3328770399,0.6592935324,-0.6614921093,-0.5494975448,1.4756165743,0.7082322240,-0.0902933851,-1.0255117416,-1.3191347122,0.4486025572,0.9133548737,1.0827003717,0.9455966949,0.5185472369
-0.7184227705,0.1129275858,0.5214033723,1.0919229984,-0.9616197944,1.5514600277,1.4166269302,-1.9199185371,0.9011074305,0.2847417891,1.4294202328,-1.0738568306,0.2671445012,-1.2198984623,-0.2556481659,-3.5872464180,0.2026518285,-1.4322967529,1.1417564154,1.0100082159,-2.1801369190,2.4907724857,1.5601465702,0.6271901727,0.8645098805,-0.1686967760,0.8830786347,-1.2350592613,-0.4214316308,-0.8706997037,-0.7469454408,0.4050253034,1.4798138142,-0.1086873710,-2.0835359097,-1.2599855661,0.1106200144,0.2537743747,0.3872883022,-0.6812012792,-0.1737827510,-1.7279441357,0.0586736426,-0.8156901002,-0.2406911254,-0.3214494884,0.8570029736,-1.2106940746,-1.3989607096,0.4563600421,-0.0558778159,-1.6653791666,-0.1851316541,-0.0931032375,0.5233017802,0.0915158689,0.7309878469,-1.5364724398,0.0867094323,0.6810572743,-0.3864120543,0.8369770646,-0.1471312493,-0.6669072509,0.8460786939,1.0819337368,1.7072808743,0.0725101680,-0.6701340675,-2.1809737682,0.2479674816,-2.1216096878,0.1688409597,-0.9406524301,-1.1881595850,-0.5089164972,-0.2433902919,-0.6211019754,-1.4026015997,-1.0316667557,-1.5108399391,1.4335149527,-0.5992010236,1.4240787029,0.8844306469,0.3110527992,0.3200953901,0.6138929725,-0.5595923662,-0.3952526450,0.2698807418,0.7178766727,-0.6986314058,-0.1846265495,-0.2047671825,-2.6903481483,0.0499864221,-0.4712881148,0.1318323910,0.6436231136
-0.5996060371,-0.0846747234,1.5039309263,-0.4911865890,0.9683073163,-0.3625800908,-0.5339308381,1.2165652514,-0.6446374655,0.9023501873,-0.3472008705,-0.9406742454,0.4524233937,-0.0609262735,-0.1627465636,-2.1269042492,-0.4109399617,-0.6836426854,0.2338882983,0.0475380607,0.9818359017,1.1958262920,-0.2521087229,-0.1992806494,-0.3629164398,1.4321537018,2.8791069984,-0.0730715096,0.7190786004,-0.9701882601,0.1869471073,0.5804860592,1.0950118303,1.5756688118,-0.0625500530,-1.3470978737,0.0765730068,-0.4278081954,0.9999676943,0.5787740350,1.3459063768,-0.6706235409,0.0792512521,-1.1761490107,-0.6155104041,0.3706968129,-0.9903444648,-0.8263474703,0.1381850541,-0.4148695469,-0.1899446845,0.2530398369,0.1159519330,-0.3693014681,1.2546824217,1.1573089361,-1.2962040901,-0.2872567773,-1.3192969561,-2.0952188969,0.9937850237,2.4809222221,1.8157241344,0.1845235080,2.1645023823,0.6982278228,0.7123541236,0.2092417330,0.7429836392,2.7301466465,0.5202912092,0.1571856588,1.3426405191,1.0594805479,0.0505422093,0.6101887226,-0.2723992467,-1.2113840580,-0.2069604993,1.6911106110,-0.3131549656,-0.7541913986,0.5332123637,1.0164412260,1.1416506767,-0.4660185874,0.3816702962,0.7557048798,0.0383418091,1.3439359665,0.2449998111,0.7440135479,0.5652235150,1.9185103178,0.1513266414,-0.4317730665,-1.3077031374,0.0408665687,-0.8483312130,1.2485805750
1.5128740072,-0.7355429530,0.1568316072,0.3623748124,0.9338787198,1.0900205374,-1.1052477360,-0.6709697843,1.0241198540,-1.0791290998,-1.1491645575,1.1771966219,0.0539297611,0.6905339956,0.6257141232,-0.9986308813,-0.2326178998,0.7680783272,0.5399107337,-0.5915518403,-1.2599649429,-2.2618916035,-0.7133730650,-0.9844564199,0.2763180435,-0.6446599960,-0.0983569250,-1.0206232071,-0.8711280823,1.5049272776,-0.1713734269,1.3486918211,0.0758955032,-0.0693751797,0.2630478442,-0.1998512149,-0.0595888644,0.7787220478,-0.3373079896,1.7067422867,-0.1506999582,-0.8786650300,-0.6485484838,-0.1697156876,0.4108358026,1.1518268585,-0.3371604681,-0.4665349424,0.4325315654,0.4818843901,-0.5643820167,-0.0913690627,-0.1713868976,-2.1337437630,0.6819663644,0.0818307698,-1.8573226929,1.2019292116,2.0232996941,1.0126632452,1.7270717621,0.2712827921,-2.0067880154,0.7896223664,-0.8479531407,1.2993555069,0.9259923100,1.8912146091,-0.6934914589,-1.9209629297,-0.2087597847,-0.5055750012,-1.1903107166,0.2839675844,0.1545993537,-1.4635006189,0.7070969939,0.2703261673,-0.2134625167,-2.3794713020,0.9711085558,0.3837805390,1.3111367226,-0.1915336549,2.1165807247,-0.7924345732,-0.3594928682,-2.5950975418,0.5930275321,0.4233984649,-0.2002354860,0.9472343922,0.2421935499,-0.8596022129,0.1984796524,-0.1916494071,1.9137233496,-1.3040312529,-0.8020395041,-0.2031525522
0.9626755118,0.2868289948,-0.4572490752,-0.0473989658,-0.5611774921,-0.1153386831,-0.2322492301,-1.3223891258,1.6186512709,0.4700346589,-0.0671683028,0.0347745083,0.7647464275,-0.6223083735,-0.3845954835,-0.2960079610,0.0669986457,-0.8139591217,0.4953217208,-0.8364338279,0.8036482930,0.2062021345,0.1614866406,0.6831377149,-0.0555268042,-1.1815373898,-0.2871309221,0.8832115531,-0.3902353942,-0.1609434783,-0.9563689828,-0.9838394523,1.4820964336,-1.6527101994,0.7525492907,0.1218618900,0.3264083862,0.2349819094,2.6325817108,-0.9374580979
-1.2917170525,-0.7172901034,1.4742972851,-0.4010790884,0.4023082554,-0.5858356953,-1.2470459938,0.7007293701,0.5567025542,-1.9303023815,-0.1557547152,-0.8707396984,-0.6804623008,-0.5135560632,1.2410678864,-0.7178193331,0.8225341439,-0.7611943483,0.6079804897,-0.8437408805,1.2340065241,1.1259278059,-1.8711796999,0.7419987917,-1.7272769213,0.5430268645,0.7089779973,0.5068073273,-0.5422454476,-1.5090911388,0.6792640686,0.2502005994,-1.5443162918,-2.1930487156,1.0728524923,-0.9630330205,-1.0070257187,1.6045867205,-0.7561872602,-1.1243143082
-1.4084613323,0.8353171945,-0.0804097354,0.0143569428,0.5072019696,-1.1864027977,1.2538844347,0.1067891493,-2.0223901272,0.6208838224,1.4231005907,-0.1573469937,-0.4103512764,-0.8580604792,-0.3309790194,-0.2269427329,1.5485172272,1.3876129389,0.4077047706,-0.1602784097,1.2897187471,0.2652042508,1.0173549652,-2.1914916039,-0.1875539720,-0.2454868704,0.4555998445,0.5681353807,0.1398665458,-0.2464071959,-1.6108957529,0.5765179396,1.2227940559,0.7712383866,-0.0097485371,-0.0021097250,-1.7630091906,2.6639027596,1.1130217314,-0.8099603057
-1.6942973137,0.5171011686,0.6045511961,0.7164849639,-0.1036815867,0.8932596445,1.1834089756,-0.9422311187,0.2434491664,0.1057320014,-0.2493365109,-0.1904288232,-0.6759699583,0.2570540607,0.8504865766,1.2429013252,1.5993452072,0.7774103284,1.9927150011,-1.6499577761,0.9614561796,0.1615436226,-1.1464842558,0.1137226969,-0.6546696424,1.7198567390,1.4181159735,-0.1546134055,-0.2169745713,-0.1666200757,1.2214289904,-0.8339238167,1.8382842541,0.9956538677,1.0049082041,-2.6152899265,-0.7274044156,0.8469737172,-0.9640644789,1.7800495625
-0.0029122238,-1.4293146133,0.3183677495,1.9773038626,1.0931481123,1.2073115110,0.7922949791,1.0908484459,-0.1104381830,0.3579453528,0.4868042767,-0.5714572668,-0.6359266639,0.0198567677,1.1526761055,-0.4273585379,-0.2312170714,0.8205944896,0.9379740357,-0.0836201832,0.2517078817,-0.4762948453,0.3939610720,-0.4081822038,0.8098082542,-0.1088295728,-1.0570477247,-1.0684112310,-0.7915126681,-0.6571529508,0.9965413809,-0.9544254541,-0.1781304777,-0.7290995717,-0.7359812260,0.3544033170,-0.7892686725,0.1376964897,0.0216606557,0.0901627168
1.0461537838,-1.2551746368,-0.6799699068,-0.0008225944,-0.6855442524,-1.1560173035,1.6256113052,0.7877277732,0.5659312606,-0.8081298470,-1.4557225704,-0.0170311593,-1.3783886433,1.5788047314,0.1983413547,-1.0219358206,1.9927676916,-0.6237149835,0.2183773965,-0.2002386749,-1.9330476522,0.3137491345,0.9794608951,-0.2854750156,0.2667552531,1.2529140711,2.7261507511,-0.7665249705,-0.3453207016,0.8849821091,-0.7073497176,1.3818924427,-0.2259728462,0.3239452541,-0.0204836056,-0.3314559460,0.4546210468,0.9315581918,0.1845467985,0.3066120446
0.9409565330,-0.5478154421,-0.0993698612,2.1659371853,0.0716960728,-0.1777044088,-0.9315392971,0.8349906206,0.8912153840,0.6825472116,1.2258780003,-1.1586675644,0.7439388633,-1.3166079521,-0.2291968167,0.8366984129,-0.3568564355,-0.7816764116,1.7243728638,0.1794945151,-0.1383630186,0.1335271448,0.9213040471,-0.0411047824,0.4811426699,1.4926599264,-0.2474442124,1.5766183138,-0.1041396111,1.9792255163,0.7904360294,-0.8341869712,-0.2758170366,0.8051397204,-1.9500849247,-0.2862171233,-0.4281163812,2.2573893070,-0.5885492563,-0.3457835913
0.2442523986,1.1116355658,-0.2105685472,2.9627425671,-0.3212432265,-0.3957590461,1.9337036610,-0.5056051016,-0.3321472704,0.5137888789,-0.9469980001,-0.1974102110,-0.2206239104,1.5187200308,0.0711229518,1.9089573622,0.5184096694,0.8133554459,-1.4545543194,-0.0043468135,-1.3405599594,-0.8045659065,-0.3524759412,-0.0605007522,0.3169496357,1.1516671181,0.5148362517,0.9244558811,-1.4593489170,-0.8025906086,-1.5192129612,0.1186133549,1.1193306446,0.9529467225,3.4116816521,0.3822346032,0.4554678500,-1.9760383368,-0.1833568513,0.1271960288
-0.7673786283,1.0969054699,-1.1156339645,0.1362784058,-1.0372698307,1.1654750109,-0.8202982545,0.5078073740,0.2575634718,-0.8804033995,0.7729485631,1.4845700264,0.6097544432,0.9945384860,-0.1888269335,-1.5115443468,0.8381934166,-1.6736738682,-0.5781523585,-0.7460321188,-0.8485941887,1.0755704641,0.7961691618,0.1602613479,0.6799464226,-1.2036501169,-0.1531523764,0.7605116367,-0.0063328207,1.2351748943,0.8374248743,-0.7705470920,-0.1255049706,0.2307012826,1.6142084599,-1.4035776854,-0.4161385298,0.9857416153,-1.4984480143,0.5141451955
0.2164852768,0.4125646055,0.3322193623,1.1354417801,-1.0052056313,0.0036396508,-0.3412868679,-0.1637721956,1.6395678520,-0.1985409707,0.4836214483,0.5098983645,1.1377366781,0.1363248527,-0.1553018093,-0.5745879412,-0.2059706599,0.1084143221,-1.1125495434,1.6912524700,-0.1429972798,1.2739113569,-1.8996908665,-0.6898296475,0.1552744657,-0.3602873981,-0.5988913178,-0.2452132702,1.0464279652,-2.0160014629,0.4144069552,0.5605530143,0.5046737194,-1.0893484354,-0.9726043344,-1.4247720242,0.0523442961,-1.3271640539,-0.4899954796,0.7531365156
-0.3391923904,-0.1960105002,-1.0233871937,0.7944421172,-1.1565282345,-1.7164621353,-2.1418223381,2.3701298237,-1.4674574137,1.2160369158,0.2242633402,0.2331335545,-0.2289632857,-0.1234879494,0.0465479605,-0.7325395942,-0.1864363849,1.4343132973,1.2958444357,1.7604707479,0.0861405358,-0.1695032865,-0.1286267042,1.0294109583,-2.5515642166,0.1417101026,-0.3845009506,-1.1813230515,-0.2335232049,0.5003647804,-1.4970607758,-0.7826738954,0.7908113003,-0.2149036527,0.7797955871,0.3141904771,0.1965007037,1.4794050455,0.5860712528,0.8396192789
0.2362098843,-0.9667577147,0.7692049742,1.9659274817,0.7167111039,1.1762746572,0.1430772394,0.1841218919,2.3644263744,-1.6434695721,-0.6096616387,1.1308890581,0.6422052383,-1.0845772028,0.4331739247,-0.3052389622,-1.2484556437,0.8521069884,0.1071092561,0.7009171247,-0.2437721342,-0.8628855944,0.5007001758,1.4414638281,0.7627931833,0.3253940642,0.8471066952,-0.7982942462,0.9569563866,-0.5240016580,-1.7193419933,0.2347847968,-1.5417463779,0.8249989748,-0.3694607615,-0.2663927972,1.4300739765,0.4790720046,0.1778003424,-2.3986406326
0.9330416322,0.3389371932,1.9965840578,-1.1261962652,-0.6352154016,0.5906676054,-0.0682583228,-0.8205639720,-2.2533850670,-1.5768564939,3.1873216629,-0.1047320068,1.3795927763,-0.7513736486,0.0773596987,-1.0396983624,-0.8896282315,0.5465263724,-0.7892690301,0.9190222025,-0.6051567793,-1.2517157793,-0.1532288492,1.0450586081,-1.4437536001,1.0295414925,-0.5368603468,1.2300584316,0.8014574051,0.2042709440,-0.1617268473,-0.8525630832,0.2239441723,1.3560892344,1.6896371841,0.2682516873,-0.5661553144,0.2474032491,1.2321327925,0.9892229438
-0.6577064991,1.2212122679,1.5510047674,0.6841621399,-0.4205859900,0.9054018259,-0.1028546914,-1.1317251921,0.4370014369,0.8601107001,-0.8647171855,0.0291461181,0.4000384808,0.5004352331,-0.3775345385,-0.1131480783,-0.1885040104,0.2587121129,3.0317163467,0.2561434805,2.1895148754,2.9754233360,0.7423804998,2.2583689690,0.1064924747,1.3158767223,0.1118303686,1.5855909586,1.1850039959,-1.0441564322,-0.5312903523,-0.7204785347,0.2489070892,-1.1389842033,0.8793687224,-0.4236990213,-0.2128655761,-0.6432148218,-0.5950080156,-0.9576660395
0.0436274074,1.6333252192,-1.3803349733,0.5025988221,-1.0114078522,-3.0405330658,0.6879314184,0.4178999364,-0.4882458746,1.2633781433,0.5382005572,0.9312135577,-0.0006972440,-0.2343839109,1.0895037651,0.8067148328,0.7336530089,0.9053815007,-0.8578933477,0.7001776695,2.8276677132,-0.6975744963,0.1304093897,-1.6559182405,1.9433995485,-0.5261399746,0.2940960824,-0.4600499570,0.9688631892,0.3496527076,-0.4977145791,-1.2919732332,-0.2017327994,-0.9769716859,0.1736854911,-0.7242254019,-1.8442647457,0.3239578605,0.7801197767,0.6069959402
0.5508643985,0.2293683887,-0.2704181075,0.4587861896,1.7059077024,-1.7377233505,0.3251180053,0.1473913938,-1.0828152895,-0.5432975888,0.0024146975,-0.4003668427,0.5382386446,-0.6709027290,1.2222735882,-0.9773421884,0.5198466778,-0.8514847159,0.2044089437,0.2018300295,-1.9651659727,-0.1968915164,-1.4553316832,0.9063302875,-0.2240741998,0.4778558314,0.5899107456,1.1852759123,-1.4706896544,-0.6878227592,-0.1705848575,-0.7494370937,-0.6221106052,-0.9214708805,1.5279579163,2.5292928219,-0.1400214732,-0.3315327466,1.5745002031,-0.9778521061
1.9048281908,0.3028332591,-1.3100410700,0.7737741470,-1.2810870409,0.8791900277,0.6923322678,0.1104980186,0.0945042744,0.4954604805,0.5660182834,0.9217547178,1.5039030313,-1.1690136194,-1.6697322130,0.3951424360,2.7962269783,-0.7734785676,-0.0641098022,-0.0329214819,0.7568933964,0.4389855266,0.5669677854,-0.1962535530,-0.6332297325,0.7451828122,1.1666313410,-1.0035318136,-0.3746377528,-0.3170494139,1.7238194942,-0.4858027101,-0.6548087597,0.4383304417,0.3293981552,-0.4546117783,0.0621314012,-0.7192395329,-0.1483525634,0.5732752085
-0.2328608930,-0.7506716251,0.6423298717,0.4688295424,0.9272527099,0.2041895241,-0.3347472548,-1.1121554375,-0.6500624418,0.3697667420,-0.1976586729,0.3113647997,-0.3000940979,0.9789443612,1.1284596920,0.9072585106,0.1928439289,1.3506805897,1.2068868876,-0.2813474834,-0.8902484179,0.4974172115,-0.5889675021,-0.0443606786,0.4361222386,-0.0018621838,0.4998486042,-0.3675563633,0.5226808786,0.6336303949,1.0554374456,-0.2413988113,-0.0684201568,0.5425409675,-0.4950732291,0.4934819937,-0.6743183732,-0.6589923501,0.0495340191,1.6604521275
2.1076853275,0.9129426479,-1.6303212643,-0.0287240222,-1.1250439882,0.0154883917,0.8242031932,1.2392815351,0.6141819954,0.7375426888,-0.3229236901,0.0539477244,0.1449953765,-0.0988660678,0.3179544508,0.2868854702,-0.5028599501,0.6728276014,-0.6572393775,2.9799056053,0.4361577034,0.2392337620,0.4523340762,1.7296588421,-1.1359958649,0.3954358399,-0.3754861951,-1.1757946014,-0.7608702779,1.3877999783,-0.7973428965,-0.3401141465,-1.3999284506,0.8044452071,2.1856625080,0.4582707882,-0.5174072385,2.2817816734,0.0193646643,1.3214902878
1.0241827965,-1.0022488832,-0.0171385221,-0.4082557559,0.3324453533,-0.3266433775,0.8713319302,-0.7369875908,-1.1827988625,1.1135133505,0.1332092285,0.9205108881,0.7694900632,2.0948610306,0.1366535425,-0.5713875294,-1.4780437946,-0.0947684348,-0.0193906743,-1.7451446056,-0.9947709441,-0.6696941853,-0.5100206733,-0.5284371972,-1.8928669691,-0.5788546801,0.0952459276,1.3112565279,1.1685011387,-1.6182737350,1.4709167480,0.9246472120,-0.8340522647,0.7341651320,-0.2653095424,-0.7777518034,0.1783975214,0.6279234290,0.1222694442,0.1697233170
-0.8854916096,1.4693673849,0.2213712037,0.8018248677,0.7971789837,-0.2134465724,2.3596684933,0.5655542612,0.3908333778,-0.7568497658,1.3911925554,0.9994257092,1.1966168880,2.5714857578,-0.4744576812,0.7721644044,1.3493984938,0.3995176554,0.3743548393,0.8343114257,0.0840244591,-1.0952439308,-0.8535735607,1.0131286383,1.1833555698,0.3858506382,0.4030761719,-0.3716733456,2.0702648163,0.4300421774,-1.6136736870,0.1855020821,-0.4870612919,-0.7796121836,0.1900327206,2.3556618690,-0.1366634369,0.0201954450,-1.2123352289,0.5975350738
0.8758840561,0.0692289174,0.0932388380,-0.5454075336,-1.3320647478,-0.1789018214,0.9504966736,-1.4417692423,-1.2046703100,-0.8760411739,0.2392515540,-0.8403512836,0.3532696962,-1.2344379425,1.5134367943,-0.6211341619,0.8024179935,0.4862106144,-1.1086179018,0.0958951786,0.7226204276,0.1303516775,0.8255266547,0.6158762574,0.6169403195,0.8164865375,-1.9581096172,0.1659554690,-1.1989802122,0.0664849952,-1.4808446169,0.6010228395,-0.4032711387,-0.1552523673,0.8056753874,0.3289647102,-0.8678492308,1.7045962811,0.6336047649,-0.9607665539
1.5507981777,1.0615777969,-0.2340226918,-0.0966739506,-1.4149812460,-0.0137445433,-2.4503874779,1.5846515894,0.2637532055,-0.2467574775,-0.3303243518,-2.2640166283,-0.8214253187,-2.1507134438,1.1895060539,-0.8228927255,0.8486139774,-0.0462218001,0.6944931149,-0.7986661792,-0.2474714369,1.1465748549,1.1073427200,-0.5105888247,-1.3121713400,-1.7368023396,-0.5200824142,1.0584870577,1.6212342978,-0.4995757043,-0.8359171152,1.0560930967,0.9463752508,1.1108001471,1.6327512264,0.4132490158,1.9158519506,-1.5003939867,0.1213456765,-0.6225115061
-1.3157762289,-1.7809544802,-0.2083891779,0.1893515140,-1.0194094181,0.4442538023,0.3693655133,-0.7275661826,1.0796779394,1.2070393562,-0.1584164053,1.6877659559,-0.0926313028,-1.5101354122,-0.8055558801,1.2281556129,-0.7646574974,0.0435541756,-0.0568554699,-0.7416893244,1.2288317680,-1.6876933575,-0.2184752524,-2.8392274380,2.1195409298,0.0185774695,1.2707024813,-1.2418380976,1.4634792805,-2.0878834724,2.2365005016,1.4569007158,-0.8640415668,-1.4642356634,1.0022758245,1.2869626284,0.6960633397,-1.9883412123,-0.4859062135,-1.9039908648
1.0853196383,0.4448412359,0.2613831162,-0.2831104100,-0.7345389724,-0.9382853508,1.3330034018,0.3644796014,-2.9207408428,-0.1960573047,2.1205253601,-1.2421579361,-1.1929185390,-1.3454501629,0.0993584245,-0.2831261754,0.5381920934,0.5442441106,0.0333604217,1.2753822803,0.1019327119,-0.9371658564,-1.0686081648,0.8066615462,-1.1641544104,0.1055824682,-0.1522873342,1.0524355173,-0.6622535586,-0.3074719608,-0.1295355260,0.5269869566,0.1539747715,0.0846130773,-1.6168179512,0.1226273999,-0.1362844110,-0.0753178746,-0.3519981503,-1.0593030453
0.8251249194,1.2592006922,-0.8459690213,0.4257388711,0.0847285688,-0.7896269560,-0.0921345279,0.9155424237,-0.4614593387,0.5450640917,0.8780759573,-0.1876125783,-1.1601780653,0.3367389739,-0.7473108768,3.7395389080,-0.2406348735,1.1531404257,0.0133124664,-0.8894110918,-0.0360417627,-1.5680387020,0.1052138358,1.6657150984,0.0442990772,-2.5360851288,-0.0396972857,0.0753359497,-1.9835221767,-1.1558647156,-0.4937520325,0.7210177779,-1.4050359726,-1.0365173817,-1.5115571022,0.7838645577,1.7400170565,0.1773551255,0.8732894063,0.7581008673
0.4616475403,2.0851509571,-0.2859155536,0.5168372393,-0.5952025056,-1.1495635509,-0.7251214981,-0.2312679291,-0.9523296952,-0.5627170801,-2.6563467979,-1.8265379667,-0.3144380450,-0.4206016362,-0.7298308015,-1.5219838619,2.7780685425,0.9748303294,0.2836826444,0.4800771177,0.3942783773,0.4958806634,-0.3695933819,0.0466285534,1.2245137691,-0.3204069138,-1.2240891457,-0.8437480330,-0.9209769964,-1.4226803780,-0.8378990889,0.1595080495,0.6167682409,-0.1537514478,0.0878040269,-0.7356206179,0.2386916727,-1.4285622835,0.8373435736,0.6935414076
0.5018754005,1.1584885120,1.2318626642,0.5537388921,-0.5911520720,-2.3838181496,0.7540114522,0.1680348217,0.4040687680,-1.3280289173,0.2028754205,-0.0672165826,-1.0436813831,0.1240463480,-1.1700117588,-0.1143064350,0.7713686824,-0.3256407678,0.2040232569,1.6358823776,-1.7530267239,0.3314977288,-1.5132801533,-0.8662621379,-0.9625760913,-1.3594913483,-1.1016373634,0.2832165062,1.0682485104,-0.2304079086,-1.1363620758,2.3135757446,1.7463303804,-1.2356179953,-0.1644022167,-0.5260007977,-0.7186205387,0.6430881619,-1.4331061840,-0.8363095522
-0.6401929259,0.4452415109,0.8869208097,1.7764512300,-0.1645678729,-0.3116363287,-0.1473036706,-0.8050482273,0.8791119456,0.6244693995,-1.6861573458,1.1814526320,-1.0854477882,-0.7546734810,0.2341510952,-0.7652338743,-1.1669790745,0.0446349531,-1.5552399158,0.2928470969,-1.6656210423,-0.9941205978,1.1315888166,-0.5367470384,-0.1048827320,-1.2764437199,0.9616490006,-0.2796711624,0.8294172287,-0.8121486306,0.3411042392,-0.0519389175,0.9790242314,0.2077221572,-1.2957853079,-0.7329393625,-0.6983767152,-0.8611848354,0.6403396130,0.4388422966
-0.3648585975,1.2089724541,-0.2742122114,-0.7582415938,-0.1528125107,1.2508184910,-0.8644210696,0.5173299909,1.1542611122,0.3909505010,0.2194551975,0.1960076243,0.6934501529,0.4946754575,-0.6374748945,1.1692093611,1.1994968653,0.1430177391,0.4892796278,-0.6771841645,1.6757347584,-0.3921314180,0.0233639181,0.5354730487,1.5040366650,-0.7342531681,-0.1130943447,-0.2905305922,0.3659810126,0.8147291541,-0.5221862793,-0.5871059299,-0.1841501892,0.6714648008,1.2493441105,-0.4911811650,-0.0646895766,-1.0553935766,-0.5949036479,-0.5405859351
-1.3641220331,-0.3373767138,1.6572494507,0.0071128723,0.7148550749,-1.5133376122,-0.0915408731,-0.6595127583,0.6177811027,-0.7989514470,1.4221255779,-1.2777714729,0.2512662113,-2.5589504242,-1.3871883154,-1.5852169991,1.2300965786,-0.2258446515,0.6614998579,-0.4027984738,-0.9171079993,-0.4933086932,0.0684454367,-0.0994921476,0.3137300909,-0.3061321974,-0.2734609842,0.1560024470,1.2299702168,-0.9635812044,-1.2417331934,0.6817157865,-0.9948256016,0.8693556190,1.3395462036,0.6827306151,0.7914964557,-1.1742361784,-0.1782362461,0.7618753910
-1.1620912552,0.7460648417,-0.4525714815,0.0862304345,-1.4139723778,1.4675183296,0.3096174300,0.7045462132,-1.2123467922,-0.7645159364,-0.3090651333,-0.5301616192,0.1090283990,0.7070547938,-0.7500266433,-0.7760957479,-0.8214399815,-0.6380301714,-0.1422851831,0.0463073067,1.1981966496,-0.7760713696,0.2696276605,1.5016912222,-1.2483440638,-0.8486627936,1.0418303013,0.1723576188,-0.9787637591,-1.0990148783,0.8343681693,0.7040205002,-1.0290095806,-0.9811040163,-0.2289394289,0.8730579615,1.4449113607,2.3478038311,1.3807811737,-0.0615793690
0.3297505677,-1.8738405704,-1.8738105297,0.5145244002,-1.5656969547,1.2432464361,-0.6109236479,1.6325763464,-1.6862506866,-1.4332985878,0.6821097732,1.9404091835,-0.3277982175,1.2849261761,-1.7155222893,1.3391717672,1.0962203741,1.1220598221,0.2885942757,1.4299681187,0.9877853990,-1.1177841425,0.3178285658,0.2677257061,0.3220502436,-0.5148050189,-0.9683275223,0.8774114251,0.8732253909,-0.6069598794,1.2744077444,-0.5900036693,-0.2157490402,1.3393809795,0.1712918133,0.6488105059,0.9617760777,0.4978480339,1.3443765640,0.0152062420
-0.9039933681,0.9233518243,-0.2717834711,0.5234020352,-1.2788320780,1.7163226604,-0.4236729741,0.0556952283,-0.4676108062,1.3309655190,-1.9345885515,0.2732028365,0.0720441714,0.6562046409,-0.9649274349,0.2673607469,0.0209993795,1.3695892096,0.6234464645,0.1952820122,0.4593587518,-0.0902191922,2.5708158016,0.4746258259,-0.9976125956,-0.9202368855,-2.2110664845,1.8444668055,-0.1176689342,-1.1961525679,0.8165174723,-2.2693991661,-1.5475550890,0.4815644324,1.0392522812,0.8425963521,-1.5065293312,-1.1000583172,0.2096877843,-0.2912891209
0.8722821474,-0.4126130044,0.1612452120,-1.0736359358,-1.0322140455,0.3409478664,-0.8831194639,0.8225964308,-0.8052931428,0.1066836417,0.0889393240,1.3465602398,-0.1916760802,1.2996363640,0.8562868834,1.8732579947,-0.7862170339,-0.4956354797,1.0110572577,-0.4070904255,0.9912219644,-1.0408831835,-1.8057209253,0.1413865536,-0.6226841211,0.7710421085,-0.1855027527,-0.3994266987,-0.2843602896,1.8934599161,-0.1208386794,-0.5656392574,2.3477911949,-1.0689156055,0.6199958324,0.1402172893,-1.0016974211,2.0214200020,0.4349729717,0.5456780195
-1.3883882761,0.1823236346,-0.1636862159,-0.1076841354,-0.8087164760,-0.2498075813,-2.4236259460,-1.1975897551,-1.2454528809,-1.1331893206,0.0789847672,-0.2410303950,0.9333298206,-0.2100970745,-1.4015749693,-0.2756571174,0.8118967414,0.9411513209,-1.3925793171,0.6340083480,1.5467135906,0.2679154575,1.5064535141,0.8401224613,-0.2414897978,0.7785739899,0.2854931951,-1.1895258427,-0.2606772184,1.2281725407,-0.3802219331,1.0747305155,-0.6184118986,0.3761260509,0.4549264312,-0.4704139233,-0.6667015553,-1.2285832167,1.8230262995,-1.3844414949
-1.5768768787,0.1804583371,-1.0229465961,-0.7696521282,0.9262464643,0.2372427732,-1.5043897629,0.9965701103,0.4153551757,1.2230653763,-0.2300557196,-0.4910193682,-1.1695071459,-0.6313925385,-1.6716471910,0.0901285186,-1.8454129696,0.9964619279,1.1373301744,-0.1227715090,0.2281159163,0.7497087121,-0.5306360722,-0.2733727694,-0.5104825497,0.4463857710,1.2699149847,0.0587672181,0.5358350873,-0.0068192738,-1.4820249081,-0.6316610575,-0.9882280827,-1.1184340715,-0.2757396400,-0.4926327169,-0.1787102968,0.5512581468,0.4072318375,-0.2041704059
0.7471860647,-0.9473565817,-0.3921466768,-0.3540263176,1.2383453846,-1.1868449450,-0.3049807250,0.4715983868,0.1202592626,-0.3564031422,2.1923112869,0.7073351145,2.1133980751,-1.0047153234,0.2703522146,-0.2090670466,-0.2433683425,2.2397973537,0.4212428927,-1.4510113001,-0.2891128659,-0.6345922351,-0.4271728396,-0.9708805680,0.1424057931,0.9313309193,1.9775156975,2.3681612015,0.2066409141,-0.5729841590,-0.1637319028,0.5854644775,-0.6489921212,0.5577381849,1.3208487034,1.3031018972,-0.1408434808,0.1668369770,-0.3175585270,-0.2838515937
-0.7114124298,0.0863375366,1.6806187630,-1.2247755527,1.0394262075,-0.4034173787,-0.4348632991,-0.8083952665,-1.2496534586,-0.7214170098,-1.6978309155,-0.2595298588,-0.5794332027,-1.8898192644,0.5158482790,-1.9397460222,0.0199162718,0.1575129479,0.3907749951,0.5772348046,-0.9410576224,-0.3174215257,-0.1918419451,0.6663740277,-0.5694066286,2.2601830959,-1.1557790041,-1.0277075768,0.8428254724,-0.7880218625,-1.1594610214,-0.9680244327,-0.2158407122,-0.7793462276,-0.8413676023,-0.2731421292,0.1197327077,-1.0244178772,0.6413359642,-0.6499698758
1.4132170677,1.4597954750,0.9876537919,0.0177256092,1.0341922045,-0.7683482766,-0.1028142646,-1.0799032450,1.2478661537,-0.7923365831,-0.8725402355,0.2265733480,1.4865905046,-0.2874246240,-0.6798731685,-0.7938784957,-1.6369986534,-1.5756874084,0.0618603639,-0.3832643926,-0.7035818100,-0.3485498130,-0.4915753305,-0.6378641725,0.9610242248,-0.1004818156,-0.2082390785,0.4239983261,-0.1046528593,-1.5373781919,-0.8361918926,-0.5892076492,-1.9403560162,1.0857530832,-0.6305930018,-0.4421467781,-0.5894105434,2.0210843086,0.6720679998,0.4086482823
-2.2775480747,-0.7065800428,0.6129773855,2.5127370358,-0.1097190008,-1.8530806303,-1.6512044668,0.7733927369,-0.4915698767,-1.1786348820,1.4805419445,-0.6187524796,0.4107283950,0.0426287130,-0.2113091946,0.7145837545,-1.5435113907,-0.0168830473,0.2207711637,-0.8219055533,-0.5002163649,-0.8152897358,-0.1382817030,-0.2116817534,-2.1642000675,-0.5221117735,-2.0471205711,1.4788885117,-0.2138224244,-0.9192800522,0.1044457331,-1.0413993597,-0.3536276817,-0.1987830400,-1.5825213194,-1.7707543373,0.6076830626,0.4385471642,-0.0688667670,0.3315170705
0.4000126421,1.2087523937,1.0955994129,1.0750043392,0.2012671232,1.9801323414,-0.0823179409,-0.7067993879,0.8336163163,0.5075221658,-1.2053806782,1.5013425350,0.2241538465,0.1006022841,-1.6402660608,-0.1573070735,-1.6327390671,0.1039025262,1.0736119747,-1.4895116091,0.6486398578,0.0434750281,-0.9670635462,-0.5321090221,-0.8423874378,0.1221572980,1.5908923149,-1.4533518553,0.7965725064,-1.3237007856,-1.3583694696,-0.7519764900,-2.2047977448,0.1149954647,-1.5731580257,-0.2539792359,-1.6040792465,0.4744683206,0.2519017160,-0.3027723730
0.0094204647,0.5737060905,0.6470949650,0.3367983401,1.2375445366,-1.3676855564,1.5769568682,-1.0202702284,1.0220968723,-0.5097521544,-1.0483614206,-0.4141845107,-0.4923768640,0.4146599174,1.0758831501,0.1907383800,0.1515220702,-0.8138052225,0.2057595104,-1.1284188032,1.7188630104,-0.5292764306,-0.8692615628,0.2816181481,-0.0647865757,-0.5091453791,1.1585028172,0.3680152595,0.3042664528,0.4415249825,-1.2551345825,1.1880766153,-0.2333506942,-0.2371974587,0.5432568789,0.1829031706,0.3568595052,1.1969487667,2.4191153049,-0.3356881440
1.5596256256,-0.5661846399,-0.2422121763,2.1994297504,1.5078762770,1.4492948055,1.0727456808,0.5168530941,-1.5412611961,0.6274347305,0.5931572914,-0.8333351016,-0.7000218630,-1.3895753622,-0.3755318522,-0.1375891715,0.5405731201,-0.6984251142,-0.5158540606,1.1950136423,-0.3228937984,0.0131555116,-1.7852354050,-0.2994297445,-1.4365893602,0.7817016244,0.0492907092,-1.0413904190,-1.3463063240,-0.3947125077,0.9748259783,-0.1063385233,0.3387158513,-0.7677247524,0.3998511732,0.6631443501,1.3713479042,1.0636942387,0.2833585441,1.0530152321
-0.3827707469,0.5293396711,0.2191143781,-1.1038492918,-0.8404753804,1.6269884109,1.0898772478,1.6449441910,1.5777088404,1.6119585037,-0.5296200514,-0.5249575973,2.1106407642,0.7354753017,1.1497236490,0.6060870290,0.0887581706,-1.4672909975,0.4441077411,1.6845912933,0.9078570008,0.2386563867,-0.5863104463,0.2978611588,0.5349704623,-0.8174843192,2.6991024017,0.3316779435,-0.5763153434,0.4265372157,-0.1203192025,1.4708853960,0.3443772793,0.2950184345,0.3637320399,2.1897153854,1.6785442829,0.9470934868,-0.4944780767,0.4036802351
0.0887104422,-1.1129730940,-1.3201636076,-1.2059953213,-1.6270626783,0.8094214797,0.2321808040,1.5612397194,-0.1989316344,-0.6423702240,0.0897631124,-0.9251013398,2.1503505707,0.5586612225,-1.5810903311,0.2824084461,0.0414171256,1.1337058544,1.1679934263,-2.0910880566,2.1895601749,1.1117576361,-0.8342915773,-0.4564524591,0.8149476051,-0.8935627937,-0.3907057047,1.3031373024,1.8925467730,1.5740295649,0.2664275169,-0.6416941881,1.2029646635,-0.0568292961,0.7508301139,0.6779485345,0.6580091715,0.1658146828,-1.4385284185,-0.8939154148
-0.4651232660,-0.4814340770,-0.3459237516,1.0293468237,-1.1274787188,-1.5395759344,1.7593874931,-1.0203509331,0.6095977426,-0.3677406311,2.1285014153,1.0837037563,1.9882775545,-0.3611026406,1.5252701044,2.1095650196,-0.5158824921,0.9576273561,-0.6816666722,-1.1627752781,-0.3075098991,-0.2536929846,1.0503737926,-1.0610238314,-0.5883561373,0.2968843877,-0.0705638975,-0.2505135834,-0.0867338777,1.1268204451,-0.1537754834,0.0258658789,2.4177083969,1.0140047073,0.5948865414,0.4135925472,-1.0453904867,-2.0648224354,-0.1866498441,0.3528304398
0.4458725452,-0.9348387718,0.4209784865,1.4600222111,0.0854164511,0.2518412173,1.2331401110,-0.2205367535,0.3868078589,-1.0607082844,1.0878889561,1.6673873663,0.0566905104,1.5616768599,-0.3675267100,-0.0793243721,0.3746868968,0.2092561573,0.6590673923,-0.6360886693,0.9374266267,0.4695301354,0.5802026391,-2.1858072281,0.9183276296,0.2348902375,-2.0582654476,0.4386676252,-0.1133359745,0.6366257071,-1.4384752512,1.3373190165,1.4303957224,0.4217719734,-0.0593949892,1.2459436655,0.9300255775,-2.4632797241,-1.4335783720,-0.9148223400
-0.9247114062,0.0933707505,0.6619217396,1.3698046207,1.6854348183,0.0485860556,-0.2132088989,1.0556750298,0.7790988088,1.0533989668,1.0001702309,0.3807978332,-0.5465857983,-0.9648718238,-0.3342611194,0.2363110632,0.5248557925,-1.6791188717,-0.4687317610,1.1342277527,-0.8091749549,1.0776736736,1.0028109550,-1.5224115849,0.3230085969,0.2751338482,-0.3194144964,1.4037870169,-0.5447539091,-0.6278604865,-0.8630563021,-0.5706332922,2.2612674236,-0.2784022391,-0.4287226200,0.9730386734,-0.4606476426,0.6200719476,-1.5013604164,0.9329385757
0.0175081603,-0.2166345567,1.6296054125,1.1771709919,-1.0924185514,0.6904417872,0.2379918993,0.5989378095,-0.7326166034,0.9923149943,-2.6649317741,-0.3598814905,-0.4295605421,-0.0073270486,1.0179098845,1.0654952526,-0.2109793425,0.8030099869,-0.4553571045,-2.5766301155,-0.8139275908,-1.7250691652,0.7051699758,-1.8571058512,-0.1302310228,1.4125573635,0.4599080980,0.7142150998,0.1820215285,0.2149509043,-0.8014378548,0.7145310044,0.1064969897,-0.1599145830,0.4788900018,0.1743562073,-0.4895620644,-0.8393930793,-0.4427045584,-0.0765640512
-0.2344858050,-0.7518353462,0.0333883315,0.6597844362,0.1842754334,1.7730931044,0.1177251711,0.5370098352,1.2019176483,0.1246497706,-0.8613051772,0.3805133402,-0.1928600520,0.0260512494,2.0874660015,-1.0729598999,-0.3968521953,-0.5429353714,-0.4899021983,-0.6511077881,-0.0730692819,0.4234840274,-0.9553637505,1.4467272758,-2.7593848705,1.8290109634,-0.5238109231,-0.6874551773,-1.4645408392,0.6633023024,-1.8465172052,1.4555981159,0.1538213789,0.0532557108,1.2919591665,-0.5324974656,0.1723771393,-1.3134870529,1.3067024946,0.4752928615
-1.2745201588,-0.2334502339,-1.0123131275,2.2292182446,-1.8924047947,-0.0432895496,-1.6792209148,-2.9592354298,-0.4369023442,-0.6542683244,-0.8568440080,1.2399069071,1.0810067654,-0.6854903698,-0.4874860346,-0.3574458659,-1.4705232382,0.6109610796,1.0927045345,-0.1731643677,-0.3335140646,0.3179165721,0.4196658134,-1.6718094349,1.6611436605,1.1018713713,0.1021638438,1.4208005667,-0.6565387249,-1.0457540751,-0.3178854287,1.4827313423,0.6983782053,-1.1921284199,1.5927627087,-0.2020971924,-0.8346988559,1.1191169024,0.2666003108,-0.0933567882
0.4366200864,-0.7087941766,0.7919555902,-1.2146986723,-1.2137358189,3.0785515308,-0.1318992525,-0.5570990443,-0.6336439252,0.6960912943,-2.0408568382,-0.7300647497,1.0989420414,0.6340849400,-1.9496544600,0.9154280424,0.6356847882,-0.8871785998,0.4579102397,0.4371348321,-0.3057543039,0.7811836004,1.6008903980,0.5674358606,-0.8735364079,0.6366768479,-1.2016519308,-0.6211282611,1.0358755589,-1.1528925896,-1.3932909966,-1.3397915363,0.6604676843,0.5247901678,-0.1208071262,0.5890815854,-1.5369846821,0.4686059058,-1.0324428082,0.4329083264
0.9696638584,-0.6408680081,0.6353444457,-0.4162732363,-0.5933082104,-0.2698131204,-0.2682331800,-0.9512255192,-0.7472438812,-2.9705693722,0.0271992218,-0.2810436487,-0.8637262583,1.3493355513,0.7210387588,-0.1208551079,0.2103622258,-1.2518059015,-2.4181356430,1.0456085205,1.2532892227,-1.6996898651,0.2068318129,0.2384472340,2.0071675777,-1.4395614862,-1.9693012238,-0.1585429609,0.2994287312,-1.7548149824,1.9266623259,-1.1142992973,-0.1135094538,-0.6116558313,-0.3603345752,-1.6497583389,0.6254330873,-0.5061272979,0.2115984410,-0.6332867742
-0.1773029715,1.9682136774,0.2225430906,0.8410544991,0.7871982455,-1.8929851055,-0.0306216739,-0.5805408359,-0.4329124689,1.4005924463,-2.1992897987,0.3798186481,0.7487505674,-0.0783900842,-0.0418492965,-0.7662311196,0.0778125376,0.4020707011,-1.0745878220,-1.1344457865,-2.4666662216,-1.0779811144,0.4703794122,-0.1346191764,0.0174279455,-0.2735313773,2.2176516056,0.2091542482,-0.8962538838,1.1388220787,-0.5484683514,1.3620234728,0.1257896572,0.0591684729,-0.0911296085,0.4143273234,-0.3155030310,-1.4173873663,1.2380735874,-0.5633769631
-0.7919455767,-0.1164609864,0.6724882722,0.9396825433,-0.0306460876,1.9574904442,2.1890680790,0.0427975133,-1.0767334700,0.5600126386,-0.3100287914,-1.2980122566,0.6174546480,1.6620572805,-0.8845673203,-0.1216320395,-0.5750020742,1.9517046213,2.0498454571,-1.6272238493,-0.0272319131,0.7661871910,-1.2161699533,-0.6761910915,0.8855801225,-0.4156543612,0.2206170112,-0.9537616968,1.9851968288,-0.4618389904,0.1394383311,-0.0592809729,1.8461164236,0.6286444664,0.6949584484,0.1724741310,1.2167448997,1.0182087421,-1.4271812439,-0.7220700979
-1.2561056614,-0.5127657056,2.1195433140,-0.7745639086,-1.0089496374,0.9761940241,-0.0761479437,-0.3501144648,-0.3359985948,1.7181764841,0.7185583711,-2.6678230762,1.0404483080,0.0055013485,-0.9267033339,-0.2750830650,1.0117161274,1.0573749542,-0.8081448078,-0.1885493994,0.0797795728,1.5003468990,0.1016096920,0.6389195323,0.5568700433,-0.2361311316,0.0625913590,0.3316082060,0.6730260253,0.7743766308,-1.6640173197,1.3764537573,-0.7828457952,-0.6524730921,-0.5715986490,0.6461101770,1.4957866669,-1.0761260986,0.3595247567,1.0537937880
-0.1628617644,-0.2145838290,0.4696222842,0.6415645480,0.0496008508,0.3660912216,-1.2516903877,0.5245548487,-0.4233775735,-0.2428461313,-0.4105893970,0.6071791053,-0.3946694136,-0.5489600301,-0.9766451716,-0.6573312879,0.0303434841,-0.6128009558,-0.9647520185,-0.6609846950,-0.5067411661,0.8412997723,-0.8191103935,0.9878866673,1.0821051598,1.4824329615,0.5335143209,-0.5646019578,-1.1731755733,0.4724277854,0.7481179833,0.6265263557,2.5288395882,-0.6356637478,0.1380458921,0.0506050289,-0.5189638138,-1.6395541430,-0.3375990093,-0.3187747300
0.4233847558,-1.0082336664,1.0181888342,1.5326025486,0.1396113634,1.5695909262,1.5344282389,1.3210691214,1.3186075687,1.8894441128,1.0515331030,-0.5551563501,-0.9422691464,0.4320091009,0.7863600254,0.8512062430,0.2245627493,-1.4929785728,-1.6762062311,-1.8779071569,1.7313004732,0.8975471258,0.2721919119,1.2708771229,-0.3843389153,-1.0753542185,-1.2998007536,-0.3288035095,-1.9838844538,1.5383471251,1.1200336218,0.0942684859,1.2400305271,-1.0103292465,-1.1434422731,-1.4307447672,0.0465043969,-1.0387114286,-0.6799658537,0.2255628556
0.4817277193,0.3521057665,0.8962329030,-1.0374830961,0.3428136110,1.2412003279,1.6168903112,0.1787185371,1.3394600153,-0.0008184989,-0.5933416486,-0.1737691462,-0.2754339576,-0.9372751713,0.6753857732,1.3134762049,0.5609124899,2.5256013870,-0.7662655711,-1.7473126650,-1.3571345806,-0.1906557977,-2.4138400555,-3.0313425064,0.7351853251,-0.7698830366,0.6237151027,-0.1098346934,-0.1863729805,0.2840600014,-1.3062204123,0.2387075424,-0.0456847586,0.1684146971,0.2818779051,0.0574562736,0.3627358675,1.4165002108,-0.7582550049,0.7321096659
-0.3277630210,-0.6702134609,-1.1092681885,1.0981408358,-0.4796589315,-1.3549718857,-1.5517047644,0.5834858418,1.2101740837,0.3144327700,-2.1646914482,2.2510352135,0.4001445174,-0.6345597506,-0.3674604595,-0.1996674538,-0.4435961246,0.2290802598,0.6828991771,-1.0921278000,0.3976864219,-0.2484322339,-0.3061153293,0.0310688782,0.6583423018,-0.1966304332,-0.0981580839,1.5844316483,0.6345028877,-0.3825061321,0.7172654271,-0.9879229665,0.4775979519,1.3669226170,0.3933694959,-0.4054657817,-0.7474230528,1.0283852816,-1.4234946966,-0.1394917816
1.4135470390,1.1136707067,-0.2715103626,0.4895077348,0.6872851849,-0.0611561909,0.6003499627,0.0562423430,-0.2682653666,-1.9039633274,1.0841162205,1.6546181440,-1.1205155849,0.2723798752,-0.3475922346,-1.7217068672,0.0028039876,-1.3307613134,0.1320470721,-0.8672918081,0.0582031421,1.0341262817,-1.8952351809,0.0666603073,-1.2534929514,-1.2748473883,-0.4180654883,0.3439688385,-2.1965332031,-0.1745083779,0.8383970261,-0.3482190967,0.1851153970,0.3027493656,0.2951205373,-0.8328433037,-1.6589097977,-0.6888317466,-2.8170063496,1.0570443869
-2.1766901016,-0.3628654778,0.4413640201,-0.4524859488,-1.4534757137,-0.1920754462,0.8134198785,-0.0356096961,-0.5136333704,0.2359557897,-0.0216172300,-1.2190485001,-0.3214636147,0.3944141567,0.1514806300,-1.2714471817,2.4180581570,0.2184903920,-0.5851641297,-0.5433034897,0.7675011754,-1.4672911167,0.0023317831,1.4460309744,-0.5118369460,0.3211806417,0.9088530540,0.6761866808,-0.3982209265,-0.5053853393,0.1856008917,0.0341074951,1.6943023205,-0.5014745593,-0.4609265327,0.0681894794,-0.4970588982,0.5573208928,0.2518057823,1.6220237017
0.4444943964,-0.8474943042,0.2244386077,-0.7347192168,0.4383031428,-1.6031292677,0.7441233397,-1.1865851879,-0.9845104814,-0.3483073115,0.0328139514,-0.5411804914,0.0385911129,0.4355368614,0.7254665494,-0.4982940555,-1.4410829544,-0.6372713447,-1.7069526911,-2.2747917175,-1.0850261450,-0.5514391661,-0.7196077108,0.8492078781,-1.7487081289,1.7998965979,0.0160691347,-0.7464326024,1.7654074430,1.3657160997,1.4293298721,-0.9276326299,0.1412416101,0.3392449915,0.5745841861,0.7049342394,-0.0405536108,2.1821777821,-1.1890698671,-0.5388811827
1.2683966160,-1.0108323097,0.0133404136,-0.4601207972,-0.3063180745,-0.8873820305,2.7554099560,-0.2962952554,0.9612141252,-1.2471385002,0.1772851050,-2.1667616367,0.7605483532,-0.0853045061,1.0886833668,0.5369094610,0.7864973545,1.2503415346,0.3000827730,1.0036861897,-1.8026212454,0.1850173473,0.1821131259,0.1596387327,-1.7571356297,1.1527202129,0.4351306856,-0.6213058829,0.2500614822,1.0634994507,1.2214229107,-0.0112416428,0.2044661790,-0.1528494358,0.2035277784,-0.4012793601,0.5358627439,-0.8158253431,-0.0331802666,0.1966245174
1.9398266077,0.7116618156,-0.0985089019,0.5206527710,-0.1062116697,-1.0889742374,0.6916084886,-1.1846495867,-0.8032175303,-1.2746022940,-1.2059539557,1.2569353580,-0.9123707414,-1.1963758469,-1.7102217674,2.3295123577,1.3730324507,-0.4807599485,-1.0857625008,0.1383387744,-1.2129250765,0.6996762753,1.3816875219,0.1786097437,0.5393725634,-2.4604623318,1.1575464010,0.4024772048,1.1589854956,0.3276779950,-1.1747843027,-0.2128433138,-0.6086940765,0.1517906934,-0.1013820916,0.7612833977,-0.5129266381,-0.1713285297,-0.3306137919,-1.8529781103
1.7260349989,1.0429941416,0.2297460586,-0.4031311870,0.8940407038,0.2862198949,0.8942598701,-0.8415389061,0.4097067118,0.1973276436,0.0220378228,1.0873142481,0.0962570831,0.2366823554,2.2767152786,0.2100474089,1.4857318401,0.8136689067,-0.1165322885,-0.0957186669,-0.5061919689,0.3455972672,-0.6082416773,0.9914873838,-1.1123445034,0.7752388120,-0.9148688912,-0.6906145811,1.1177769899,1.0074926615,-1.1126866341,-0.0737052262,1.1767935753,0.7536997199,0.0061552930,0.9351634383,0.2820348740,-0.8205119967,-0.2499556243,0.2906315625
-0.3019222319,0.0083675608,0.4072761834,-0.4236961901,-0.1908742636,0.7783247232,-0.9703775048,-1.1830462217,1.0848748684,0.5302284956,0.1110996902,0.0221346561,1.0313799381,-0.9294248819,-0.3099860549,-0.3551155031,0.6462451816,-1.6762328148,0.8922265172,1.1438070536,-0.4651570916,-0.1079381481,0.1010823101,1.2222445011,-0.6550712585,-0.8557007313,0.2347321212,1.0124169588,-0.8488754034,0.7069717646,-0.3980359435,0.0582550503,2.0184385777,-1.0738021135,-1.2787773609,1.3247762918,-1.3941938877,0.4354555905,0.0306397956,1.8581094742
-0.1394998729,-0.9530777931,1.2239589691,-1.4839602709,0.1876438409,-1.1337836981,-0.5334868431,1.0511752367,-1.5112744570,-0.4294846952,0.3895018101,-0.9149404764,-1.4627085924,-0.2376561463,0.0573033988,-0.6694658995,-0.9039680362,0.8913011551,0.9502429366,0.2777502537,1.2410424948,-0.2227184474,-1.1724724770,-0.4557142854,0.6162375212,1.3163793087,-0.6860029101,1.6959794760,1.2308903933,1.5988445282,0.0411080047,0.2420419753,-3.3248765469,0.7298395038,-0.8286173344,-0.3330541849,1.4052819014,0.6167725921,0.2315898240,-0.1669247001
-0.6408057809,0.7980542183,-0.2646053135,0.1378310919,-0.1254174560,-1.5671805143,-1.1875383854,-0.2925937474,0.4505323172,-2.4994239807,1.2426866293,0.2767152488,1.3331978321,1.9376413822,0.4683081210,0.8948834538,-0.3507490754,1.0574343204,-0.1394930929,0.5166195631,-1.8150486946,0.6727012396,-0.5011840463,0.6956802011,1.8094763756,-1.8981492519,0.2640650570,1.3649337292,0.6344110370,0.8943572044,3.0740289688,1.2777097225,0.1308491230,-0.6227416992,-0.8045030832,-1.2447302341,1.3799000978,-0.5100744963,-1.0267287493,0.0591350794
-0.8936029077,-1.5291382074,-0.9043306112,-0.2991336584,-1.9724699259,-0.3167556822,-0.7723780870,2.7755334377,2.4121599197,0.1907831579,0.3203735352,0.6896046996,-1.2296473980,1.1026974916,-0.6374004483,-0.6418832541,3.0930788517,0.7564921379,0.4471245408,-0.3307525516,0.1366525143,-1.2146579027,-0.6893005967,0.3677004278,0.6776388884,-0.0716859475,-1.6318559647,-0.0980059132,0.1298693419,-0.8301363587,-0.5681620836,0.7780623436,-0.4922170937,2.1625363827,-0.3368490934,1.8887017965,-0.8222358823,-0.3967145681,-0.2263206393,1.4223258495
0.8016259074,-0.0751357451,-1.1117632389,2.5903577805,0.4565475881,0.2061078995,-1.5379117727,0.0943725035,1.0097085238,-0.3817400038,0.2540077567,-1.0552994013,-0.8104103208,0.2776969373,0.6926514506,-1.3579044342,-0.1212576926,1.4583473206,-0.9668744802,1.5510319471,1.5437736511,1.1167786121,-0.5323150158,-1.1156084538,1.3344442844,-0.4526058733,-0.0371850766,0.1634867787,-0.0062964456,0.5643969178,-1.4925186634,0.1074035540,1.3401269913,-1.5825858116,-1.5546003580,-1.3712544441,-0.0993426889,0.8141323328,0.3966179192,0.5692842603
2.1254532337,-2.4146881104,0.0924305245,-0.2544559538,0.3600395322,-0.1691232026,-1.6744207144,0.5122496486,-1.0790464878,-0.2956256270,0.4940015078,-0.2669115067,0.1248965189,0.4361660182,-1.4576894045,-0.5294865370,0.3882736564,0.7856562734,-0.9544051886,1.0787383318,-0.6891287565,-0.2889145315,-0.1373636276,-1.6111974716,0.1572817266,-1.3104151487,0.0677190125,0.5149124265,0.2905934453,-1.5689995289,-0.6848065257,-0.5540931821,-1.1789968014,-0.1854203045,1.6996338367,1.8581744432,-1.5628888607,1.2956458330,-0.6054229736,0.1908680052
-1.9804641008,-0.6866002679,-1.5616425276,-0.2752301693,-1.0378153324,0.4755946398,-0.3243631423,-0.9374114275,0.5017798543,0.8809490800,-1.6508481503,0.9772275686,-1.0443629026,0.7642686367,1.6737682819,-0.0870277584,0.2872810960,1.1043533087,0.5654507279,-0.6615057588,0.8598815799,0.1758776158,-0.5719639659,0.4829674661,-0.3803266585,-1.5607159138,-1.7285138369,0.1279579103,-0.8949524760,0.8103920221,-0.6352062821,0.9545913339,-0.7298727036,0.4989297688,0.5854460001,-0.8871058822,1.2271494865,0.1710561812,0.2678029835,-0.2609847188
1.1828346252,0.1924042106,-0.6937415004,-0.0711951181,-2.0335750580,-0.8662906885,-0.1982375681,-0.0571344867,-1.3163579702,0.8863264322,-0.5381137729,0.9641423821,-0.6345532537,-0.1232421175,-0.8467087746,0.7310292721,-0.8470236063,-1.7446727753,-0.6402507424,1.5975477695,2.0797221661,-1.5731668472,-0.3912972808,0.8789432645,-0.8004216552,-0.2715445161,-1.4732639790,0.9700922370,1.8537304401,-1.1974797249,-0.7513813972,-0.0267771650,1.1589930058,0.0021880867,-0.5152184367,-0.8204509020,1.2042711973,-0.2833564878,-0.7653679848,0.7222714424
-0.9917902946,-0.6460428834,0.1997559071,0.5188514590,-1.9275517464,-0.8091968298,0.4015102684,0.4307116270,0.4730449617,-0.4504071474,-0.9133975506,-1.0473778248,0.1296524853,-1.7359771729,-0.7137392163,1.0543015003,1.5514597893,1.2230528593,-0.5435543656,0.9738015532,0.1656986326,0.0571968630,0.1280587167,-1.0210410357,0.9678754210,-0.4657082558,-0.7989065647,-2.4419462681,-1.1023912430,0.0752294511,-0.9742210507,-1.5092599392,0.3074296117,-2.4689662457,-0.8538032174,-2.0832412243,-0.2448558509,-0.4029006958,0.3373743594,0.9924326539
0.0440915301,0.0404157192,-1.8707998991,0.9992177486,-0.0867249072,0.1197994202,-0.5254476666,-1.0238505602,-0.6106257439,-0.4350234568,-1.0073263645,1.3686236143,0.2813141048,-0.0838985071,0.3412023783,0.2307993770,-0.2952557802,-0.0404028594,0.6108346581,-1.2759358883,-1.3051620722,0.9864650369,-0.5584219694,0.0809062943,1.8700113297,-0.1935705990,-0.5073415041,-0.8615457416,0.5878264904,-0.3365141749,0.7023429871,1.6696722507,0.2667663693,-0.6979042888,0.2098387033,0.0652124435,0.2214448154,-0.9717388749,0.6911477447,0.5808471441
1.4890398979,-0.1539329141,1.2118546963,2.1695158482,-1.5561197996,-0.0177319776,-0.6788016558,-0.3049983680,-0.1540576816,-1.0486544371,1.4360313416,0.5508813858,-0.7815045118,0.3748033643,0.0929998532,-0.0826031715,1.2645846605,-1.0244306326,0.0097652553,0.5869276524,1.6056383848,-0.4587357938,-0.4352478981,0.7352365255,0.2232443690,0.8162074089,-1.3997546434,1.6011644602,-0.6805053949,0.5002135038,0.4632802606,1.6724298000,-0.1049902812,0.9920954108,0.7859697938,2.0418729782,1.0544801950,-0.2457069904,-0.0502570383,0.4459811151
1.4767371416,0.0913881138,0.2220077366,0.5492721796,1.2416146994,0.0595008731,-2.1682879925,0.4824984372,1.7644432783,1.4928220510,-1.9619858265,0.0709934011,0.5070257187,-1.2438427210,-1.4015455246,1.1603304148,-3.1641223431,0.0588306710,-0.8100084066,-0.1658668071,-0.1475925595,1.1689559221,-0.6052860022,0.9481957555,1.2349071503,-1.1979805231,-1.5934110880,0.4882186353,-1.0732451677,0.0000644109,1.2349379063,-1.2590311766,-0.9435194135,2.7330315113,-0.6916561723,-0.1763419956,-0.5820282698,-0.6167587638,1.1756083965,-0.9313730001
-1.2348668575,-0.7198790312,-1.3684906960,0.1054428369,0.0653263405,-0.4657473862,1.1479582787,0.9619194865,1.4731268883,-0.6903557777,2.8987796307,-0.3723918796,-0.8363811970,-0.6359456778,-0.3611058891,1.0563198328,-0.3106093109,-0.5541164875,0.2793900967,-0.1474954933,-0.5009861588,-0.8237590790,-1.4124493599,-0.4696315825,0.2453828156,-1.8041614294,0.7098553777,-0.9297948480,-0.3186773956,1.2662416697,-0.8334807158,0.0057782657,0.9387814999,-1.7777756453,-0.0969014987,1.1278458834,-1.2764047384,-0.4419288039,0.7735857964,-0.3706653714
-0.3788952231,-1.0319375992,0.1182953045,2.3750188351,-1.2063140869,0.8926596642,-0.0256758016,-0.2969749868,-1.3997895718,0.7517269850,-0.6147416830,1.2526483536,-0.8595085740,0.4992242754,-1.2500449419,-0.4717729688,0.7706318498,-0.7628015876,-0.4729494750,-2.0901808739,-1.0209693909,1.2680727243,0.2570153177,-0.2586156130,1.1067570448,0.2008441687,0.9183700085,-1.5879389048,0.7804427147,0.2769596577,-1.2250317335,-1.7048445940,0.6382547021,-1.5702524185,-0.7763313055,0.1814915240,0.3459088802,0.5507866144,-0.0649118721,-0.8556262255
0.9040860534,0.5435566902,0.4655802846,0.8004880548,-0.2335590720,-0.4114895463,-1.8712205887,0.4424489141,-1.3391554356,-0.7720931172,0.4797439575,0.4362700582,-0.3305663764,-0.0917387307,-1.0519740582,0.3347020745,0.0801172554,-0.1271732002,-0.9807448983,0.1957541704,1.1512271166,-1.0921491385,0.1434216648,-0.5210037827,0.9751064777,0.0969103277,0.1406370997,-0.8014760613,0.3469403088,0.4978264868,-1.0640288591,1.5622593164,-3.4847285748,-0.0601500832,-0.2093283981,0.4214769006,-0.1048480645,-0.7279313803,-1.5286123753,1.6269903183
-0.0975096375,-0.3364686966,-0.2491844445,0.4677439034,0.3730817139,-0.1464945525,-1.2958819866,0.7726730108,0.1692529768,-0.3060573041,-0.9510028362,-0.2416725308,-1.7356220484,-1.2103230953,0.4697152972,0.2161135823,0.4720803201,-0.8155422807,2.8145394325,-0.5740761757,-0.2751773596,0.1056508943,-1.9108582735,-1.3300203085,-0.6903724670,0.9041664600,-0.3125811517,0.7649410963,1.6781640053,-1.4393193722,0.1469384134,-0.4717041552,1.7617328167,2.5092349052,1.1812602282,0.7166982889,0.1781954467,-0.7690374255,1.1461138725,-2.4569618702
-0.2499530166,-0.3608148992,0.6593105197,-1.7322434187,0.5278406739,1.0386378765,-1.0993438959,-0.4567416608,-0.5262941718,-0.2842481732,-1.4850848913,-1.9297658205,-1.4890249968,-1.0434455872,1.3566126823,-0.1378989071,0.8267870545,-0.5457797050,0.1732047498,0.5515417457,0.5211784840,-1.7821297646,1.1878803968,-0.2260379791,0.5681861043,-0.0653778315,1.9538180828,-0.6653138995,-0.7680483460,-0.5819472075,1.7040840387,-0.2072337717,0.4388299882,0.7896548510,-0.8589800596,0.1564586908,-0.1823218912,0.1983383000,-0.6667867899,0.6666949391
-0.5792744756,-0.3028170466,-0.7024026513,0.4294561148,-0.8394765854,0.8467931151,0.1950946450,-1.3468053341,1.1795724630,-0.6530710459,-0.5221243501,2.2429208755,0.8322966099,0.3106796741,1.2471636534,-0.1183848754,0.1578552425,0.8529228568,0.2161967903,0.0450079367,-0.3158197701,-0.7720838189,0.6570241451,0.7186322212,-0.6281448007,-0.6279278994,-0.0972101390,-2.0530180931,-1.6267095804,-0.8547756076,-1.9123030901,1.4907138348,1.3177847862,-0.1793786585,1.3152319193,3.0958201885,0.0882006884,-0.4047099650,0.1540984660,-0.0713540316
-0.1387576461,0.2592123449,1.4482593536,-0.7026523352,-0.1494057029,-0.4415621758,-0.3424794674,-0.3576671481,-0.7406274080,-0.0292538125,-1.4982774258,1.3895787001,1.3416061401,0.1796305925,-0.2811612189,-0.6011969447,-0.2731170952,-0.5251370668,-0.7894369364,1.0421388149,-1.7878662348,1.2535997629,-0.7847644091,-0.3391674161,-0.0734441131,-0.6286621690,-1.3634799719,1.6676452160,-1.5034294128,-1.3680441380,-0.4678308070,0.3652728498,0.0106525859,-1.0361937284,0.1445905715,2.2958252430,0.5533998609,-0.5015117526,-0.3187996745,-0.7490690351
0.0971004143,0.4803327322,-1.1208622456,-0.5772950649,-0.0110471249,1.0254850388,0.7016867399,-2.3420679569,1.1082955599,1.0771776438,-0.5466005802,0.1289923489,0.0084070228,0.2436668873,0.5391682386,-1.0357234478,1.6143746376,1.4779337645,0.5591486096,0.7642151713,0.1308372468,1.2531348467,-0.0785970613,-0.3995331228,-1.9036865234,-1.6993329525,-2.7683331966,0.5338741541,-0.1601100862,-1.3893221617,0.5765267015,-0.3219965398,-0.7060328126,-0.1741653383,-0.6704365015,0.5618456602,-0.1506136209,-1.6663780212,-0.9252852798,-0.0354797021
0.7153537869,3.3147680759,0.3886634409,-1.0559905767,-0.7753350139,0.9182968140,-1.2572529316,-1.0627787113,-0.2028548419,1.5491272211,-1.4841325283,1.5200148821,1.1353473663,-0.1743441820,0.1933155656,-0.0683613494,1.6884218454,-0.0843675137,0.1806692481,1.9542802572,0.5966343880,-0.1812861562,1.8693996668,2.0615320206,0.5349892974,0.7332643270,-0.1600118428,-0.5644570589,0.2578412592,0.2614811063,-1.2692600489,-0.1564685255,-1.9986021519,-0.1606791168,1.7900092602,1.0826104879,-0.0381726474,0.7028836608,0.9620349407,0.0236227326
0.1091687605,-0.0883397311,1.5739194155,1.3175822496,1.0469623804,0.5131375790,-0.8357315660,-0.6760126948,0.8504287601,1.1775186062,1.6744115353,-1.4109042883,0.0268544350,0.6486011744,2.4207661152,0.8902637362,0.5987267494,1.6350741386,-1.1401146650,-1.7127549648,1.4666600227,0.4026540518,-0.3867226839,-1.8226212263,-1.3007441759,-1.4999393225,0.9231819510,0.0914539322,1.7723492384,-1.0302500725,-1.8510330915,-1.6804032326,-0.6015516520,-0.2284630835,-1.0676298141,0.9469559789,-0.3800857961,-0.3880093098,-1.1913608313,1.1199877262
-0.0511908084,-0.9829915762,1.4326089621,1.0056767464,-0.8799508214,0.9962126017,-1.2962802649,-1.5949193239,0.2669256628,0.6425394416,1.6522852182,0.2471308857,0.9431420565,-1.7412070036,-0.4218781292,-0.1409564912,0.8117220998,0.6310620308,2.6996400356,-0.9982499480,1.4483850002,0.2023155689,-0.6570588946,-0.1268038452,-0.0042645447,-0.8297590613,0.6665471792,-0.1856836975,1.0062988997,-2.2647130489,0.6955682635,0.2268148065,0.2018743455,0.4239000678,-0.5135670304,0.7990952730,-0.9157829285,-0.0538002104,-0.5532336235,0.8626803756
2.3406999111,0.8139972091,0.5834529400,-0.4446254671,0.8546181321,1.7004508972,-2.0664250851,-1.3782873154,-1.1587123871,1.3717054129,-1.0950088501,-0.8294009566,-0.6790921688,-1.0142666101,-0.8110412359,-1.1328375340,-0.8813949227,-1.2302294970,0.2961665690,1.7827666998,-0.5225618482,0.7322142124,0.7912057638,1.0311651230,0.4708899856,0.3277621567,1.1251273155,-1.0202065706,1.8491798639,0.2217951417,-0.4266158044,1.1042536497,-0.3390330672,0.0451815203,0.9602358937,-0.4116469026,-1.1152082682,0.1309142262,-0.1141372100,-0.5151975751
0.1071695909,-0.8609226346,-0.5342457294,-1.0690350533,-0.5445250273,0.3042808175,-0.3169363141,1.8377966881,0.7450693250,0.8468474746,-1.8275547028,-1.2525568008,0.6716460586,-0.4574908018,-0.8326845169,-0.0255263690,1.2324073315,-0.9321085811,2.3755540848,2.3716008663,-1.5363943577,-0.0195245408,-0.8281396031,1.0568807125,-0.4251777232,1.4321533442,1.8112162352,1.1925896406,-1.4483517408,0.3236643076,-1.1191146374,0.0142113408,0.3066294491,0.4578056335,-0.5950903893,-1.0331369638,-1.1280220747,0.0220440049,-0.2431392968,-0.9505634308
0.3057617247,-0.4504351318,-0.7688292265,-0.5150406361,-1.6156309843,-1.6694264412,-0.6472201347,0.9613849521,-0.1219494566,0.8703624606,-0.9254829288,0.8883223534,-0.4385358095,0.2825777233,-0.1510061175,0.1260193437,0.0740341321,0.7302858233,-0.2017120421,-0.4451139867,0.5841350555,-1.8228648901,-0.9043850303,-0.0100499066,-0.0901176110,0.4554510117,-1.5382905006,0.0550999455,-0.5841553211,-0.4554331303,0.3264689147,-0.0815450177,-0.4825785756,1.8502098322,0.8535331488,-0.7918993831,0.0188500918,0.6379905939,0.6032181978,2.0449829102
0.5976654887,0.2071023285,0.6547113061,-0.4287043214,0.3120152950,1.4594562054,1.4670450687,0.0675554723,0.5761798024,-0.7365859151,1.4788268805,0.3664464056,0.6753984690,-0.4338244796,0.8432105184,0.0593568943,0.2123067230,-0.4144248962,-0.2363340408,-0.5977329612,-3.2174818516,-3.1769206524,-1.0042279959,0.3579775095,0.3441670537,0.0556064248,-1.3639094830,-0.4764145613,0.6660525203,-2.0007793903,0.0719350129,0.8138833642,-1.4579490423,-0.8210335374,-1.6071462631,-1.5808154345,-0.0575978830,1.3283092976,0.9373227358,-0.0629402772
-0.2089416087,0.2484540939,-0.0049490719,2.6377377510,-2.7800152302,0.8062244058,0.5439465642,-0.5225091577,0.8729536533,-1.4173976183,0.3991490901,0.3012853861,-0.6355052590,-1.4694952965,0.3230089247,0.1553058326,-1.9447139502,1.7291409969,-1.1185486317,0.5820124745,0.9428861737,0.1621827185,0.5024767518,-0.2743845880,-0.0743220001,1.4359953403,-1.7494906187,0.4092202783,-0.2200160325,0.6759245992,-0.0173161700,1.7908030748,0.1888042688,-0.3454270363,0.2781618834,0.9158641696,-2.2059824467,1.0608431101,0.4596399963,0.3133158684
-1.3292659521,-0.7542048097,-0.7121571898,1.0081782341,-0.5308220387,-1.4695773125,-0.1034985706,0.1846048385,-0.6943890452,-0.5756359696,-0.5777395368,-0.0600088872,0.1046525836,0.8043657541,1.1151881218,0.9326484799,1.0391858816,-1.2316862345,-1.4678037167,-0.8092984557,-0.7084852457,0.0798603967,-0.6212465763,0.9522365928,-0.8561038971,-0.5677633882,0.5343636274,-0.6724213362,0.0302813817,-2.5462999344,0.7954991460,-0.9482428432,0.0747231394,0.2605808675,-0.6098011732,1.7332940102,0.0680869594,0.0123182759,-0.1042492241,0.2200147659
0.6097056866,-1.4321471453,-0.2729797363,-0.6113383174,0.0897419155,0.3016296029,1.5540138483,-2.0493457317,-0.2267292291,-1.4921132326,-1.3433519602,1.2759239674,-0.9189901352,-0.2573177516,0.1089528129,-0.3692388237,-0.8012219667,-0.1758714467,-0.0615419187,-1.1585981846,0.5767403841,-0.7077962160,-2.0910027027,0.8263408542,0.6681950092,-0.4147595465,-1.1548596621,2.2958974838,0.0682147518,-0.6642467380,-1.2321938276,-0.7067718506,0.4982191622,-0.0425691120,-0.7181963921,-1.3083924055,0.3896525502,-1.1191313267,1.6667301655,0.3775719702
0.9418779016,-0.2205955684,1.2271316051,1.2695299387,-0.1673010886,0.1618388891,-0.0610338748,-0.5982972383,0.0251766928,0.7072564363,0.6860424876,0.4565865993,1.4991313219,1.8570497036,-0.0287934430,0.0989978462,1.5132057667,-0.2828820050,-1.5024378300,0.4637489915,-1.5845069885,-1.5098551512,-0.0023187241,2.0113346577,0.1585075706,0.0892342627,0.5309504271,1.5304946899,0.0713120848,-0.2225741446,0.0508875810,-0.4467716217,0.3967039585,0.0173179954,0.5782537460,-1.5484054089,1.8115477562,1.3536127806,0.3265393078,-0.3576952219
1.7075173855,-2.4779162407,-2.1368286610,-1.0653481483,0.9422271848,0.7641850710,0.8729848862,-1.1408348083,0.7708566785,-0.0449204147,0.3197048306,1.8603917360,0.8426570892,0.9986359477,-0.2680411637,0.5201874375,1.4197853804,0.6777770519,-0.9835141301,-0.7779179215,1.2562911510,-0.9958806634,-1.0674273968,0.9940426350,-0.9846053720,1.8950111866,0.3360589445,-1.0277631283,0.8381334543,-0.0685781464,-1.7546613216,-1.0824187994,-1.0644526482,0.1179419756,0.0688249841,0.0826560482,-1.1666510105,-0.1600555331,-0.3175698817,0.1122085750
-1.2086237669,-0.6410299540,-0.6544590592,-0.5890575051,-1.6194915771,-1.8267048597,0.9822272658,0.7638217807,-1.6417632103,0.2757077813,1.2443215847,0.4313298464,-0.7984915972,-0.8212890029,1.3660861254,-0.9344750643,-1.3254765272,0.6201027036,-1.1004084349,-0.9638556838,-1.0255373716,-0.8527552485,-0.0943705961,-0.4590305090,0.4963265359,-0.5263600945,-0.2157463431,1.0915445089,-0.5552682877,1.0229202509,-0.7847228050,-1.2629128695,-1.4696799517,-0.4995988905,0.0349052176,-1.3468929529,0.0579602271,0.0817531496,1.4389849901,-0.4789335728
-0.4378096163,0.9367626309,-1.7823328972,1.5473212004
0.1451653093,0.2907537222,1.5907161236,1.4158241749
-0.2356369644,-0.1959083974,-0.9972020984,-1.2553991079
0.9371843338,0.0493669622,-0.1254967004,0.2181037962
0.7824835181,0.1992952973,0.2979277372,-1.9407988787
-0.4215030074,0.5769276023,-1.6558434963,-3.1434602737
1.0934791565,0.9072092772,-1.3055938482,0.3040771186
1.7545435429,0.1439516097,0.8013310432,-1.0161356926
1.6327064037,-1.6038066149,0.6297085881,-0.0175594781
-1.4269176722,0.0243126582,0.5670917034,0.5569067001
-0.2100289464,-0.6202615499,-0.1234873682,0.8691816330
2.1325068474,-0.3637400270,1.5976694822,-1.1356027126
0.6577656269,-0.9301798940,-1.2214796543,-0.6654998064
-1.0462136269,-1.0327894688,0.4164632857,-1.2014974356
-0.8630880713,-0.1830611378,-0.2873976231,0.4620304704
0.0673574731,-0.6392406821,0.9676051736,-0.9733438492
-0.7811016440,-2.1367368698,0.1644140333,-2.2850382328
0.1341334283,-0.3709605634,-1.8147376776,0.4883527756
-0.3990679383,1.2450093031,-1.2212709188,-1.0716193914
-1.4054782391,0.2370810062,-0.2832280993,-0.2879425585
0.0599213950,0.9457550645,-1.3223088980,0.6216928363
-0.9519670010,2.0154488087,-0.3272578418,-1.7434611320
1.8241493702,-0.4718665183,-0.1032808647,0.1242354810
1.0711468458,-1.1176992655,0.9510293007,-0.8117573857
1.9506288767,0.2596051693,1.0461926460,-0.1618665010
-0.1053804979,0.1113108620,-0.4968178272,-1.4046021700
-1.0850069523,0.5166086555,-1.3440450430,-0.6275867224
-1.5447930098,0.7786976695,-0.7846966386,1.0764940977
0.6046244502,0.8440347314,0.9363523722,0.8813520074
-0.4058385193,0.8645923734,1.6968721151,1.2414860725
0.0687900558,-2.0152046680,-0.0303811636,-1.2078130245
0.6227042675,0.6173063517,-1.4920480251,0.3083026111
-1.5761159658,-0.6371638179,-0.2168131024,0.3987322152
-0.5423045158,-1.0403348207,-0.6040551662,0.3054797649
-1.1374424696,1.4576618671,1.3067305088,-0.2886524796
0.4173665643,-3.0090484619,-0.5360950828,1.1943272352
0.0273448806,0.5213575363,0.4081678391,0.7448661923
-1.1675672531,-1.3769139051,-3.3640732765,1.1723712683
-0.2384131253,0.0387506187,-0.9675311446,-0.7048829198
-0.6715417504,-0.9838559628,-1.3641165495,1.2467117310
