-11.0858810592,65.1266457596,161.0071506330,-56.9733462678,-9.8638479607,37.8920878208,-92.3287447515,10.5615583319,26.2752112502,-74.7095837759,128.0850555357,-67.3514611658,157.5045251350,-156.1572815133,43.5863282975,-98.4732468957,-12.1012299412,29.4234313813,145.5959101662,44.5156949050,2.8218320862,18.6185950141,-64.0805636434,-89.9871014012,-100.3203880963,76.4759130300,136.2845796990,-118.2558142420
11.6711711335,-65.6069377819,-162.8104683437,54.8651119815,10.8973357873,-38.7662969770,93.0367943394,-10.5093996912,-26.0348073596,72.4316402840,-126.6946981904,69.0668335494,-158.2034600775,157.9966980917,-43.2603891786,100.9632808501,15.4362042898,-26.9497144666,-144.9799681052,-46.3534981496,-2.2180221931,-16.6433355312,64.2740545659,89.8434084905,101.2075223503,-77.4569267452,-138.7871427584,116.2442582276
12.1638218063,-67.8609237829,-158.7086190262,59.4142092811,10.3514332370,-38.4156292024,91.6123560416,-9.9211545136,-25.2355413193,73.0681209656,-128.1373443362,68.2209448751,-156.6435379486,155.5974292857,-44.8793635663,98.3315315777,12.7116861099,-28.6043311205,-144.2996731829,-44.5198058374,-3.8804879740,-16.9653289791,62.4193905978,90.7718865079,101.7003566799,-75.2187896193,-136.9730837095,117.8260169950
11.3159046221,-67.2322995821,-162.9685511865,56.8382664667,10.1968800621,-36.9660531821,91.9151800918,-11.0645967867,-26.1153559143,73.1296310889,-128.4637388941,68.2231010136,-158.5682585489,158.4699590904,-43.1690139469,96.9363868767,12.1784775609,-26.8883197156,-143.1124566540,-45.7494826800,-3.0022178844,-19.7315470081,64.6998149543,89.4995637191,100.8222482678,-78.6611054362,-136.6038857299,118.4376906481
-12.6083686995,65.7117277840,160.3022773542,-58.1545527326,-10.4467987762,37.5197810473,-92.3368961570,8.0046015527,25.7473915399,-71.5222817826,127.0905183312,-70.9398529467,158.4931154016,-153.7254939777,43.1877891716,-98.4585387045,-13.4656277651,28.0950417963,143.6173177704,45.5814478285,1.2431797341,17.4223838251,-64.0433731465,-89.6340984357,-98.4299803552,77.1434744269,137.2002298582,-117.8592438426
-11.0222842145,65.2604795703,162.1179520764,-55.9426235305,-10.6406846614,38.5881451907,-91.3728709566,11.4662923958,25.1363638991,-72.1867918538,127.3893506732,-70.1329957184,157.1220637064,-156.4899657769,42.9530596431,-98.4114621812,-13.0831306481,29.1890240756,144.8592682227,44.6971690542,2.7435824231,16.8659680437,-61.7667593150,-91.7786982907,-101.2889077243,76.5461714686,137.1487319219,-119.1999155906
12.3650901067,-66.8679443756,-160.5007902660,56.6954664635,10.1704136328,-38.6973345819,94.2504560697,-11.0420696881,-27.5582666153,72.4726223814,-127.1011124012,68.3021106061,-160.0987672310,155.7951556397,-43.3156616386,98.8732732171,15.1775871271,-28.2325667587,-145.4303638682,-46.5808704383,-4.9131031588,-17.3248477976,63.0422051339,92.1614910615,99.9562114653,-76.4731352747,-135.8999972391,117.2560916570
-12.8962777901,64.6417777696,162.7737573662,-57.2823313223,-9.5355036752,36.4337279143,-92.7074808824,9.5917548086,25.4884640926,-73.2393995988,128.9300304410,-68.1132785615,158.5141033705,-155.8731280220,46.4905643161,-97.4680104786,-11.8544496053,28.3997813907,144.9106219753,44.7369190342,4.0072913722,18.2756061654,-65.2307242541,-90.1181010855,-101.2788510499,75.8594220103,136.0195949125,-117.6213488307
11.7563207197,-66.3237370410,-161.0259990820,56.9002102064,10.8639094429,-38.5186254921,93.8643700826,-10.8358972516,-25.7498425676,72.4683552253,-128.5812074896,66.9814065632,-158.7460879188,155.9055153532,-44.9806754883,97.5703467661,12.6488353217,-27.9595276561,-143.6804089293,-45.7146448977,-2.2243422524,-18.1767139535,63.7056943359,92.6586451782,99.2674330053,-77.2254873411,-137.5311274576,118.4579463926
13.1836288619,-66.7130086580,-158.9078411140,56.5477247955,11.5892184274,-38.9273760858,91.4509867179,-9.3710740354,-27.3657788986,72.4235201644,-127.9966180083,69.8125299152,-157.6163097720,155.1411793930,-45.8917911943,97.0706538493,14.1027431244,-28.5286856142,-143.8635666415,-44.9049850143,-1.1932890967,-13.9181865554,63.0063047199,91.0715030683,98.1607676324,-76.2323292912,-136.6366384673,117.2786110666
-12.6499961066,65.9680540720,163.2920991459,-55.5744288312,-12.4418209092,37.0718874278,-90.7757559764,9.7087624814,24.2710712904,-73.0566646101,126.3016261813,-68.7496290293,159.4719730120,-155.1934298975,43.6598831710,-98.4859529370,-14.3380149358,28.6317666021,144.4009344771,44.9785232879,2.6065618501,16.3854223590,-64.2244668393,-91.8115382446,-100.4101609317,77.1300257266,136.9168551910,-117.9722678688
-13.0440546918,66.9767857948,159.4936918297,-56.4349915395,-9.6241592662,37.2908399644,-92.8846564638,10.8024192300,26.4165341014,-73.4034497010,126.9137261864,-66.7266875442,159.7881508570,-157.7197834951,44.3938874971,-98.9540194934,-14.0473341697,26.4289969054,143.9704964205,45.2888405807,1.1325742558,17.3800280194,-64.1849873452,-90.9699565721,-98.1926239309,77.2637185714,135.9654163766,-118.3532222536
12.8488318372,-64.0225454727,-160.3429355898,56.3735587792,10.8752936320,-38.8290987554,94.3386064517,-10.9364456382,-25.8911016637,72.3223205375,-128.1256094333,68.5071384285,-160.3171156149,157.8608489735,-43.7958681282,99.2457502419,13.2854578549,-28.2815319744,-142.8213919148,-45.5915222055,-2.0800944224,-16.7596336405,63.4497530995,93.6167973531,100.9822522578,-76.8003687084,-137.3435842443,117.0084299472
13.0251979876,-64.6423313180,-161.9723093190,58.7460221397,11.7436069743,-37.7323689255,91.9129596400,-11.9350511577,-25.8060808906,73.1374913024,-126.7558210250,67.9249470767,-155.7393009167,155.0563649637,-42.8759457763,99.3526450032,14.1458939069,-29.4959596243,-144.4921157107,-43.3284931666,-0.3425798968,-16.7765290539,63.0823261528,90.1326892031,101.9873100099,-76.7113218129,-137.9346910763,118.4425560859
-13.7170269678,-53.9976824927,-48.8145622103,-1.1907825145,15.3459494450,7.7585002452,-96.4735689672,-8.5505100123,-1.8090001465,-40.4426895612,43.8435589774,3.4066716464,-95.8247416297,116.2697937793,32.1093751760,-106.3014149158,-32.0755315800,-33.5676141874,-28.0420326928,-0.4310435663,12.3400158950,28.4285740935,29.5017448611,92.8299032408,57.7946829061,50.8274735844,56.9434075470,54.2614865407
-1.1365234852,-0.3850580156,0.6011273861,1.1183258295,0.1271553636,1.0171822309,-0.6241843104,1.1046638489,2.1416049004,-1.9861627817,0.1379448622,1.2500698566,0.6752034426,0.5217971802,1.3176097870,2.1492433548,0.9537982941,0.3932974041,0.0071863104,0.0241771787,0.6041212082,-1.0281715393,0.1591821015,-0.2423783839,-0.5932924151,0.1840790659,0.2930525839,-1.1115105152
-6.9884961684,-24.1581158334,-21.3862748902,-0.1243366392,7.1582005952,4.7486055682,-43.7737233185,-4.3226393762,-0.9796681674,-16.6927516651,19.2733581915,2.6640336622,-43.7174566431,50.8758189581,14.1441840553,-47.7033031097,-14.5004070612,-14.9752582199,-14.8168817902,-0.7076154567,5.0142117233,14.5551557528,13.6941403565,42.1309546801,24.3745872175,21.0798912951,24.4193685268,23.9759776460
-22.9808213600,-98.6339020024,-87.7326250248,0.3536665054,28.1243709507,16.5272126235,-177.5746712275,-15.6615761995,-3.6297180999,-71.3362575609,80.6358389924,5.0169561964,-173.5669136996,212.4614600108,60.4664185313,-197.8678172549,-59.8197304699,-59.9856740970,-56.2942096829,-3.8499535374,23.2581068225,49.5676537052,55.1925507139,168.9360946958,107.6035306419,90.4319941553,103.1094694255,100.0644669588
-2.4682185912,-8.7979551180,-8.3435283063,-0.3444216796,1.2128865498,1.7420082602,-16.7610068876,-0.9804141956,-0.6319412808,-6.0199471655,6.9249767447,0.7680752105,-16.9244769931,21.6842721621,6.2552394631,-18.6725339039,-4.9969417024,-5.2472379956,-4.5232545934,-1.3733972841,2.8150017566,4.3285479650,3.4765631095,15.2160516640,9.1708803369,7.8099611805,11.3984521537,9.3854822775
-1.1980071068,-0.8927508593,-1.3326072693,-0.4532251656,-0.2996519804,1.9080617428,0.8625060320,-1.7503156662,1.1470953226,0.2261842638,0.1051359326,-0.4476945102,1.0211069584,-0.4227797091,-0.3559911847,0.1388837844,0.9121528268,0.5388664007,1.3474862576,-0.1348306835,0.3848835826,-0.3207598031,0.8182750344,1.0858118534,-0.1813865751,-0.0119764963,-0.0504237190,-0.2886466384
-13.6418768461,-59.3211850395,-56.7156045471,-0.6041168991,19.9880585056,11.3370451122,-112.3499465162,-9.3800048046,-2.5771975530,-45.1474834195,51.9157014531,3.2749890118,-108.8516728128,134.9429346805,37.1342423316,-122.8668601420,-38.5605636559,-37.2645386246,-34.5967148738,-3.7630664581,12.8609747678,30.3498825857,33.5100883856,105.2345589760,67.0198014898,56.0130772208,64.1570388143,63.1953790116
-4.0588576479,-9.4067650775,-6.5569914750,-0.0530245903,2.9196947831,1.1490533785,-14.9931688501,-0.6443659391,-0.6543192181,-7.7221126668,7.6684717487,2.3783225019,-19.3491634866,19.7505568069,5.1410141609,-19.1319775832,-4.9144391864,-5.1692770414,-5.7496405523,0.0516472663,1.9826295431,2.9395541858,4.4819946781,16.4521785433,9.9904071741,9.7007921288,10.3080323985,9.5636360788
-0.4193865657,-0.3601198196,-1.3671418428,0.5372866988,-1.0670063496,0.5009166002,0.3733450174,-0.4866425693,-0.1723852903,1.4776537418,0.1763429940,0.1012254432,1.5553009510,-0.2664236128,-1.2823650837,-0.8777095079,0.3955065608,-0.5631480813,0.5907627344,0.6351556778,-1.0026861429,-0.5740202069,-0.4430677891,0.2159251273,0.3789552152,-0.2984341383,0.0636668876,1.4607006311
-0.2021373361,-1.2639696598,0.3545451760,-0.1903290004,1.1117925644,-1.4691096544,1.0352228880,0.0640952885,0.8099915981,1.0156657696,-0.5966322422,-0.7190946937,0.2199127674,1.4145567417,0.0306112207,-1.4837802649,0.5945902467,-1.6361263990,2.7671773434,-1.6439139843,-0.2342135310,1.5780991316,0.7169056535,-0.7404058576,0.1816881597,0.2806240022,0.6716638803,0.1869313866
0.0602679700,0.4110574424,-0.6915768981,-0.0185861997,1.0483206511,-0.6754393578,0.1939774603,-0.6560659409,0.1601552367,1.7447469234,-1.0491352081,0.1056698188,-1.0475295782,-0.5786556602,0.8869761825,0.8133615851,-1.3970216513,0.0828016698,1.7956116199,-0.4093774259,-0.0545937531,0.6571156979,0.4323140383,-1.4176239967,-1.7865464687,1.0344476700,-0.7322728038,-0.5655786395
0.6328616738,-0.7377384305,-0.6245445013,0.0927974358,-0.4309060276,0.3220161200,-1.8225970268,1.5949022770,-1.3920153379,0.0930762514,-0.9136775732,-0.3181468844,0.6678933501,-0.0338266604,1.1066195965,-0.5928351283,1.0641596317,1.5053856373,-0.3025143147,-0.2271291614,1.6649389267,0.5159730315,-0.8013129234,-0.1338762194,-0.8483841419,0.9819978476,0.9979979396,0.1438147128
-10.1436117657,-36.9553341284,-32.7957800040,-0.3436440047,11.7414958968,4.4480089688,-66.7866741302,-5.3750501853,0.1425135309,-28.1267233713,31.7144334427,2.2213922058,-65.0536756873,79.7677545593,21.4958025041,-72.6220607243,-21.1403356788,-22.2371195850,-20.4884537540,-0.7884173939,10.1936110077,18.9806956449,20.3287351719,63.0859460822,40.7433168749,34.5113878717,36.7212006278,36.3189565929
-12.3255213765,-52.0308183010,-46.7410957075,1.2417410582,15.6057963389,8.5524864386,-96.2711440330,-8.3061118235,-1.7087010152,-39.3988705320,43.5270485099,2.6917095345,-91.6336645869,114.8528300856,31.8001844272,-103.8897552348,-31.5726308030,-31.2988336563,-29.4701074855,-2.2639345538,12.2578578709,25.1424436962,28.5488314660,89.9367277406,57.0584615535,49.0503806928,55.1576197343,52.8808958315
-15.6773632492,-64.7684556544,-57.8872188385,-0.5800077503,20.2190781147,8.3511696838,-118.1243650985,-10.2698963177,-1.4033698888,-46.4261924909,53.3614697672,2.6038048813,-115.2216267254,141.2198814751,38.2533991364,-131.2072508259,-40.6803314401,-40.4292404018,-36.3756985648,-3.4386405606,15.1856075711,32.5849702834,35.4355321742,111.3218514554,70.8019399820,59.4961240703,68.5674635017,68.7479578970
1.2624716759,0.5990781784,-0.5408375859,0.1466592401,1.5192378759,1.6011692286,-0.2508191466,-1.1789116859,-1.4916272163,-0.5663004518,0.4690856040,-0.1778456271,-0.8557750583,0.4179241061,-0.5978440642,-0.4540933371,1.0834976435,-0.3398658037,0.8187046647,-0.7025810480,0.7266396284,-1.1911247969,1.9259752035,-0.3352511525,-0.3837345541,1.3951014280,-1.0845104456,1.6619708538
-38.9402812616,-169.3186717596,-155.7609331345,0.3461773227,51.5329174307,29.3930775551,-315.7587703971,-24.8895859955,-3.9062852322,-127.5703266205,142.5955740532,9.6199211124,-307.0813539485,375.7156344365,101.7705084575,-348.0928375733,-103.7715352236,-108.9488641585,-97.1314446812,-9.9537566822,42.1369416550,90.5586194083,94.5858913212,298.0570757911,189.2126007924,158.8453899725,185.1108585436,182.1681045940
1.3447064161,-0.1863500327,2.3566422462,-0.9200649261,1.4820970297,-0.6874080300,1.1136343479,-0.9226605892,1.2365868092,1.7190139294,-1.0703241825,1.4694743156,0.5372717381,1.9217176437,0.1608721167,-1.0802290440,0.4803431034,-2.4640476704,0.3027441800,1.0964721441,1.6415760517,-2.1452677250,1.6339710951,-1.4136128426,0.8067282438,0.3531450331,-1.3631794453,0.3395193219
-3.3062318120,-16.7921910391,-16.8113630662,-1.9773067427,5.0405721633,3.1853802841,-32.3025133362,-1.7726571620,0.3728277475,-14.1505309494,14.2166894291,0.5277976979,-31.4932490975,41.3589702536,11.9909240092,-35.3536230860,-10.0536299511,-10.2309367729,-10.2754662158,-0.4075867970,4.6092842585,9.3276545537,9.9042382368,31.3592367532,19.6945320460,17.7127941816,18.4864744412,20.4765122815
-1.4529683590,-0.1066085994,1.8318985701,0.2528182566,0.0961450487,0.5677397847,-0.8100942373,0.2292909324,-0.1386050731,-1.5516480207,-0.2511817813,-0.5519412160,-0.5599992871,-0.0507148728,-0.6560595632,-0.4734379649,1.3467197418,-0.6533021331,0.0677047819,-0.9727448821,0.6173332334,-1.5811263323,-0.7525329590,-0.0136604337,-2.2850673199,-0.8939542174,0.8585978746,-1.1904220581
-8.1485381323,-30.2361526596,-27.5007870904,-0.3443599724,8.9032732627,5.3158449404,-57.6447646292,-3.2990969262,0.4016588288,-22.2654629710,27.9448271274,0.7575737199,-55.0265926527,67.2763427515,20.1580741559,-61.7941826152,-19.1041481732,-19.5771779541,-16.0558579484,-0.0356820390,7.0128505802,16.6135444813,16.8595580431,53.9003325893,33.7355160757,27.6832656029,30.6844766582,31.6921495206
-1.5501836538,-0.8286627531,0.6894915700,-0.7896671891,0.8003267646,-1.1545670033,0.4092393816,-1.5478205681,0.8775148988,0.7872300744,0.3708788455,-1.4355245829,-0.6116635203,0.1941970438,-1.2300595045,-0.2869161665,0.9412118793,0.9961827397,0.5577839613,-0.7217246890,-1.4158960581,-0.2580305934,1.7055096626,-0.0858887285,0.2190260738,0.0420676544,-1.6067907810,0.6104245782
-0.2769760191,-0.1830369681,1.0583021641,0.1337618232,0.3601250947,-0.0972252563,-1.4062325954,0.5831820965,-0.6384834647,0.0282790121,-0.5748102665,-0.2150839865,-0.3646351099,0.1446605772,0.9261739850,-0.9473839998,-1.0012571812,1.7785972357,0.2961205840,-1.0656545162,1.4179768562,2.2599892616,0.1794289201,-0.4362782538,0.5109366179,-0.7505736351,-0.9455970526,-0.4060857892
-3.5525904977,-12.6018923026,-8.7584090958,-1.8987307356,2.2370871835,1.6895343230,-22.1010665820,-1.8251073524,-1.0813642160,-8.6556587409,10.0795217599,0.8257289780,-22.3427872052,25.4252969537,7.6533936811,-25.1471684426,-8.1277079493,-6.9100997558,-6.6793851862,-0.4850638706,4.4623649577,6.5041974654,6.2289389539,22.3020555011,12.8476875604,10.6934468813,11.2392545297,10.2277082554
-0.9053400159,-0.1359668374,1.1250900030,0.2050137669,1.9442903996,0.6848610044,-3.0375270844,-0.0267461464,0.3844330907,1.2492973804,-0.7917068601,-0.3361803889,-0.3175928295,1.2011975050,0.8524904251,0.1761008501,0.1934148073,0.3106279075,1.2088075876,0.3550338149,0.6450740099,2.6690685749,-1.4383380413,-2.9420051575,1.2231401205,-0.0729994029,0.3314835727,1.8319959641
-27.0620756723,-128.4629615507,-115.8985011975,0.3799087897,39.4500665757,20.7123953712,-237.9088975646,-18.8955540868,-3.7486117777,-95.2219220780,108.3014117136,9.3315854718,-232.3195449931,282.0336304013,76.2873199057,-259.5759401468,-78.8315067883,-83.1594158199,-73.2929955361,-5.4068765913,32.8117301169,67.5176182932,71.7771460748,223.5298485714,140.6536228895,120.6710380520,137.8884986184,133.6865567330
-0.6674662232,0.1527454555,-0.8887140155,-0.4483448565,-0.3715227842,1.1798570156,1.0466670990,0.6873623133,-0.0476537421,-0.4733920991,-0.5337359905,2.8610796928,0.7199988365,-1.1240812540,0.4643382430,0.7786134481,0.4144680500,-0.0942244679,-0.4421065748,0.4099992514,1.2864373922,-0.2892596424,-1.0379128456,-1.0494805574,1.3387924433,-1.2265353203,0.5752466917,-0.1657436639
1.3886016607,-1.0219763517,-1.5030597448,-0.2232514173,-0.7322932482,0.0595617592,0.3636180162,-0.6881171465,-1.4780838490,-1.9457974434,1.4417487383,-0.9435245991,1.3091578484,1.3839617968,-1.3488895893,-1.9160532951,-0.1778343618,-0.3340194523,-0.0180340260,0.2724830508,-0.9302340746,0.2954365015,0.2607347667,-0.3899222016,-1.2709897757,0.2300403863,-0.3439928591,0.6322057843
1.5551944971,-1.6339443922,-0.0631596744,0.3164592683,0.9575821161,1.1395469904,-0.2836343646,-0.5044367909,1.0319069624,-1.2471239567,0.2928032279,0.7383500338,-1.1490950584,-1.2167811394,-1.0554121733,0.1695384532,0.5578465462,-1.3492201567,-0.0425649695,-0.4525839984,0.0195181854,0.5846014023,-0.3429436088,-2.5001823902,-0.4804128110,0.9464693666,-0.6567056775,0.0956565812
-10.1506540909,14.7404642906,-6.3476460351,11.7054154100,-13.9968638039,-1.7736355000,26.6747995673,-3.2703157877,-3.8882294213,-20.2616977043,19.3306991359,16.3162960492,-9.3484476078,12.2437482029,3.9928821137,20.0655923544,33.7843738119,-23.8919354719,24.3461590237,-17.1569644429,-26.4296786007,-11.3578755185,13.6379853325,16.4685259535,-20.5922636696,-4.5869073472,15.4875556731,-6.7751289087
-24.8001988300,35.1789099666,-16.7317922532,28.6218207274,-32.7147572637,-5.0880765815,62.8431678670,-5.3903103403,-4.9961943130,-46.7307247502,44.7199761105,41.8077463743,-26.1417251251,29.0097246091,11.7017001829,46.1141338810,79.7232882723,-55.7776967960,57.8086301611,-42.7177006487,-54.5781941046,-27.4123154249,30.6740691967,36.8500276746,-54.4835900646,-11.2046655974,40.1029483706,-17.7055562291
-15.3886016640,23.2678142710,-9.0367861699,18.9218123839,-20.6041032653,-4.3786636428,37.1016163076,-3.7201884581,-5.6985761028,-28.3076534479,27.8518078293,24.2067253501,-17.2736085639,16.2472063848,7.6740398931,29.8072212175,48.5520464385,-35.8416782420,37.4495267111,-25.7302401718,-33.8686152105,-16.6239019644,19.2365037199,22.1179586293,-31.2098840853,-4.1987822773,24.4302928187,-12.8973297906
0.0862205550,0.0190091860,-1.8287597895,0.5345830917,-0.6883654594,0.2547014654,-0.5783495307,-1.2289468050,1.1793817282,-1.0948828459,0.2555518746,0.9748718739,0.8843000531,-0.5674857497,0.4148545563,0.1755083203,0.6587319374,0.4519890845,-0.9893444777,-0.2317053527,-1.4205873013,0.2167254388,-1.4150210619,-0.0766982213,0.7384746671,-0.8110986352,-0.4962781370,-0.1653814912
-1.4888589382,-0.5795641541,-0.6243668199,-1.4714125395,-0.3471341729,1.1676859856,0.8878463507,0.5807228088,0.5150708556,-1.3971816301,-2.4151043892,0.5344498158,-1.6976453066,-0.6388980150,0.8824964166,-0.1746803969,1.8699489832,0.8164469004,0.4041668177,1.0508928299,1.7195888758,-0.6998212934,-1.3134396076,0.9071534276,-0.8209732175,-0.8040499091,-1.3286545277,-0.1455818713
-0.0157454368,-0.0404678322,-2.4562425613,0.5526294112,0.0092949439,-0.5782880783,-0.5085458159,2.6607797146,-3.7872328758,0.3352056742,0.1188144311,-0.8297161460,1.6376734972,-0.2071262300,-0.0823232681,-1.1167896986,-1.0265693665,1.0373989344,-2.3452243805,1.6673004627,-0.5377564430,-0.8388137221,-0.5802809596,0.5861557126,-0.0447348356,0.5027256012,0.6292062998,1.5865854025
0.6745437384,-0.4845540524,-0.1656481475,0.5926336646,2.2979979515,-0.0949345455,-1.0109319687,0.5813537836,-0.3046530187,1.5613939762,1.1814199686,-0.8676241636,-1.2068612576,0.3877936006,0.7176686525,0.2161318958,1.3021302223,-0.4433783591,0.0138010830,-0.7032865882,0.8780029416,-1.4432768822,0.3153766394,1.3499934673,0.3229595125,-0.5477977395,-1.8066782951,0.5410047770
0.2531616390,-1.8201504946,-0.5033821464,0.3740196228,0.9742109776,-1.4463524818,0.2827316225,-1.3763660192,1.7903910875,0.9601941705,-1.2579104900,-1.2964941263,0.2570819259,0.5916951895,0.3365542293,0.8768166900,0.6753045321,1.2510697842,-0.0383485854,-1.0965882540,0.3329054415,1.1887500286,0.7068381906,1.2622411251,-0.9769631028,-1.3201783895,1.3494637012,0.4252824783
-36.4469556121,53.7976844843,-26.3485682760,47.4708976152,-51.0158179509,-9.8468478573,93.8965330264,-9.3892687213,-11.6054835468,-71.6803222692,67.8888440694,67.3286535418,-38.5267560110,45.6589977070,15.5793936193,69.8695407668,121.3203147739,-88.9318673707,89.1981443714,-66.9401367899,-85.9558964504,-43.6727298705,46.9661497497,57.7384072492,-81.9198485758,-15.7000321188,60.9185678155,-27.6642273154
-29.4426684834,42.5350531805,-20.9023086561,37.1276697724,-41.0969736292,-9.2754752534,77.1572164393,-5.4831963540,-8.5238998025,-57.7832130622,54.1478442303,52.8797128672,-29.7971151730,36.7037771016,13.4456100288,56.7078891054,98.2619179789,-73.2196093299,72.2006345589,-54.4589925169,-69.0511762506,-34.0263403724,38.2173864066,47.1568708684,-66.3061473080,-12.0189931036,49.9593665937,-23.1266426872
-1.6953171492,0.3692813218,1.6300934553,-0.8721420169,-1.1186704636,1.1314647198,1.3932315111,0.5281977654,1.5029673576,2.3315887451,0.2867903709,0.3837962747,0.7880391479,-1.2991987467,0.6547160745,-0.8910137415,0.8564477563,-1.3757858276,0.8772537708,1.5483447313,0.9078938365,0.6634778976,2.3408577442,-0.7301918864,-0.1830007434,0.0495478250,-0.8071048260,0.0560023263
0.3756929040,0.3539018929,-0.9351831675,-0.9334212542,1.1606816053,-1.5691419840,-1.3386685848,0.4594038725,1.1272357702,1.3572791815,-1.5485820770,-1.0269606113,0.2204879522,-0.4647350311,-0.3743028343,0.3993867338,-1.1807411909,0.7327952981,-0.6797037721,-0.3475209773,0.8509739041,-1.5034277439,1.9202535152,0.5864850879,-0.4314941466,0.8033497334,-0.8882952929,-1.3218017817
-4.4762425147,7.6803312129,-3.2727717096,6.7435408497,-8.1254395009,-2.8392134135,11.6234320241,0.1154539983,-3.1210181986,-8.7565308034,9.5540882470,8.2569438773,-5.3888009216,5.6962542639,1.7910402176,10.5935205902,17.3865550694,-14.6527702280,12.8632866485,-10.8062521360,-11.6542875174,-7.4275510120,6.0182892064,9.8654885735,-10.9938005597,-2.3258645940,9.8043343491,-4.4570956567
-0.6284105778,0.8546985984,-0.1970790178,0.1677369177,1.2255972624,1.2205368280,1.2425017357,-0.6085348725,-0.2075752020,0.7513505220,0.7347823381,-0.4372001290,0.3378929794,-1.2408312559,1.1621156931,0.9237550497,1.2014194727,1.4671442509,0.8283289671,1.4413921833,0.9670209885,0.1320295930,0.1770010144,1.8631922007,-1.0617794991,-1.5145767927,-0.2510672808,1.0164366961
1.8216592073,0.6018866897,0.0949823111,-1.5644215345,2.4916560650,1.1585119963,-1.2940049171,0.3440168798,1.3249880075,0.5486750007,-0.4299779236,0.1457719952,-0.4483920336,0.6768487692,-0.8512108326,0.5947914124,0.8964931369,0.4106736779,-0.7568293214,2.1141505241,0.3304214180,-0.0394100882,-0.6091495752,0.0548664369,0.4739719629,1.2684664726,-0.2534054816,1.7145923376
-0.7312946916,-0.0655452609,0.6877599359,0.2414020151,0.2144918889,-0.7134839296,-2.0567374229,-0.5027976632,0.4869692028,-1.2649255991,0.6610548496,-2.2610604763,0.7131090760,-0.8743696213,1.2653238773,0.1809816360,0.1983607858,1.3423848152,0.7169393897,-0.0518533699,-0.3065643311,-0.0654925406,-1.3574235439,1.5983709097,2.1049592495,-1.6156157255,1.7356905937,-0.9722120166
-42.3346829197,61.6271328278,-28.9794997434,51.2869713237,-59.4238555192,-12.3796035080,109.3120214988,-10.4932505317,-11.1226145579,-81.2066964893,78.3180979859,75.6969341859,-44.1604219090,52.0577898267,20.1159124995,82.9846932524,141.0826139324,-102.6359898637,105.0528031100,-75.8524761267,-98.8353972771,-50.2120493297,54.8956196860,66.7967560847,-97.1376866112,-18.9913417285,71.9164401781,-32.7930272889
-52.8589866533,74.5669966373,-35.5424744705,62.8025990680,-70.3481679845,-15.2907077098,130.6429063235,-13.6096626762,-14.8733614028,-98.8621701099,95.0861039092,90.7911113833,-53.1982524110,63.3233595015,23.5512795147,98.5492797869,169.6006883962,-125.4601624419,124.6655240172,-93.7218277894,-122.0779649693,-60.7989073806,64.2275793295,78.8844181902,-114.5825830919,-20.3554029268,85.2950765488,-37.8259557107
-39.0201503469,57.9861409321,-29.5378188624,49.9505782009,-55.5005107643,-11.0771475490,102.5278044262,-10.8468082610,-11.3274064518,-76.4988923354,74.6934643452,71.1141038987,-40.9116454686,47.6780604323,19.3944648718,77.3190237659,133.4308593738,-97.2681952023,96.6398581267,-74.0120027616,-95.2592762440,-48.2853782212,51.6652986543,61.8505944241,-88.0889918259,-16.6737625795,67.8261873388,-31.5774752824
-0.7331556082,0.0410679951,1.3058459759,-0.2069192678,-0.4550827146,-0.9155316949,-1.5521081686,-1.3055064678,0.7640068531,-1.6690887213,-1.3174262047,-0.3865250349,0.3958342075,1.1216367483,-0.7903093100,1.2742431164,0.8686828613,0.9982140660,1.4827331305,0.0716148317,0.7583103776,-1.0127577782,-1.7336910963,-0.8776119947,-0.6362556815,0.1468162835,0.1768835336,-1.4330736399
-0.9625673890,-0.2435642928,0.1764263362,-0.5582163334,0.4623685181,0.1175848320,-0.1425238252,-1.2501730919,-0.9867953062,-0.6895058155,1.4093039036,-0.0054959799,0.7766669989,-0.8992738128,-1.3979030848,0.9227790236,1.8433024883,-0.2044929713,1.4795676470,0.7970215082,1.6852972507,0.6323612928,-2.0686590672,-0.2517406344,-0.3846252263,-0.8436315060,-0.2101839036,-0.6078284383
-8.5112499340,11.0723227365,-4.5694136595,10.5051653235,-9.7551116155,-0.8722820750,18.6470093394,-3.3679775300,-1.4392279512,-12.8829322975,14.4438419589,12.8342320756,-7.4857720453,9.1529267546,2.9166674285,14.6636179408,24.2183389031,-17.2442289879,18.1634211856,-12.8894860658,-16.2548510072,-8.4182679483,8.1143608738,10.8816635990,-15.1218770147,-2.3494718115,12.7613159641,-5.8505505314
-0.3020456433,0.6563169360,0.2538937032,-0.3449161649,0.6403278708,0.3449108303,-0.4570364058,-0.0858229399,0.5602797866,1.9386388063,1.0704765320,-0.9375771880,-0.1038175598,2.1764385700,-1.1122937202,0.5399217010,3.0125911236,-0.8187863827,0.1368892491,1.0391347408,-0.7454550862,1.2799215317,0.8150258064,0.9506390691,-0.3055918217,1.7949265242,2.6103646755,-0.4156860411
0.3314198256,-0.5751089454,1.7268483639,0.1603191346,-0.9469408393,-1.3039065599,-0.9588848948,-0.3965533674,-0.7879033089,0.6482052207,0.5267102122,1.3169746399,-0.6532972455,-0.9211291075,0.7496387362,-0.0266138501,1.9022917747,-0.4202220440,1.1044557095,0.5115946531,1.1271383762,-0.3434158862,1.3324307203,-0.9927843213,-0.6051217914,-0.1289541721,0.5670909286,-2.0328106880
-0.6266472340,-1.4635292292,1.1415280104,0.5705670714,0.8520499468,0.9276361465,1.6881428957,-0.1342225075,2.3856387138,0.4322525561,-0.5809121132,-0.0694170371,-0.6247212291,-0.5926795602,-2.0774531364,0.3057435453,1.4625046253,-1.2068214417,-0.2838625908,-0.2910611033,0.0346230268,0.0833751783,0.7069743872,-0.6185021400,-0.6536771059,-0.9914843440,-0.1051153466,-1.9195352793
-13.5904845064,22.3712399252,-11.3172761439,17.8147241731,-20.0056939868,-4.0093976092,38.9383957392,-5.1510006683,-3.9176205203,-30.5838266291,26.2129055455,26.4503199421,-17.7872095764,17.5362291676,7.4810685166,27.7888003342,48.0209715812,-38.0833943551,35.8208097515,-27.1162268184,-37.7551222620,-17.4984742296,20.2024731256,22.6182839620,-33.7713076277,-5.7241557390,23.4257560225,-10.6099562330
-21.3313780360,31.1270445359,-15.6510062453,26.0375380082,-28.9575459344,-6.8995681456,52.8556587622,-4.6443084157,-7.3914648257,-38.9164148078,37.6602892099,36.6872310751,-21.0334192020,23.6345136167,9.8374925654,39.5966418791,69.8832570233,-52.1266358961,50.9270885957,-38.3919217468,-49.3448495667,-24.3929778808,24.5339335909,31.8414468002,-46.4519837630,-9.1749110727,34.0178923659,-15.3134109466
-16.2241850060,10.9419259866,-70.6574828234,59.2046584940,-12.2964462533,-9.4560446090,-37.7609988374,-3.6838950292,27.2143052721,-57.5706039362,55.9387525961,-45.0041660860,20.1044536711,26.9855267152,23.4524833285,23.5206484213,14.8004002022,-78.2516727779,30.6047444119,-7.4544864229,4.7672899014,64.6686468371,1.6166585484,8.2266496302,-47.8600581448,-26.5578702419,-44.0609401477,18.3189422616
0.1030676514,-0.8541122079,0.9217250347,0.2949579954,-0.1829093993,0.3387734592,-0.0136669017,-1.8381828070,-0.0343905240,-0.1241145730,0.3141565323,-1.3422498703,-0.3778503537,0.8367336392,1.1701099873,1.6432191133,-0.4271089733,-1.2616820335,-0.1982441545,-0.6768332124,-1.1722801924,0.6418167949,0.3009436429,-1.0513947010,1.5511575937,0.6591097116,-1.3339252472,-0.1295906603
0.3808600605,-1.2774906158,0.5043039918,1.2058521509,0.1768630296,-0.7725368738,0.9119051099,1.3982350826,-0.3419007063,-0.9990762472,-0.1421084404,-0.9619947672,0.2084366083,-0.1923537403,-2.0353233814,-1.6124010086,1.5901983976,-0.1840927005,1.0388779640,-0.6948849559,-0.4399725497,-1.2720928192,-0.8862716556,0.5808104277,1.1294300556,1.4068055153,-0.3682066798,0.6355169415
-2.2139394283,1.4501762390,-1.8074809313,-0.4724302292,-0.5328149199,-0.7548081875,0.2363550365,1.2894135714,-1.0270885229,-0.1589569896,-1.5115292072,1.1606965065,-0.8343979716,-1.0648078918,-0.2544412911,0.4628702104,0.1650606245,1.6044754982,-0.0615442581,0.4601884782,0.2712029219,1.5427901745,0.8706064224,0.1845681667,-1.2598726749,-1.4926838875,-2.7329423428,0.2109462470
-17.0123185854,10.3084873019,-68.2301116417,55.8936185011,-11.3376506333,-7.8336832074,-36.3292392423,-1.7171447506,23.8087845828,-54.5872801065,53.2059039870,-43.5386598762,19.9557899454,24.8963849571,19.7659705484,22.2462348783,14.1529881341,-75.3069848306,31.5907671118,-8.8305730308,4.9003109570,64.7385714233,3.2911740836,7.4400173161,-44.2271468667,-26.8353058860,-41.5637019014,17.6004769507
-7.4198750328,3.5447807167,-29.8796094721,22.6801358438,-5.3979530342,-5.0463980432,-15.4045521860,-0.3633806480,11.6058376719,-21.9967907947,23.6152204936,-17.7584198410,8.2880719529,8.8278641574,8.0603657465,8.8323058153,6.4155305516,-31.9318608202,11.1689854350,0.0620327698,2.3158710351,25.3896556320,1.9382576013,2.6387068504,-18.2557253524,-10.2244368176,-17.3302713522,8.3197548271
-9.7623147671,5.4737886833,-41.9172430729,33.5389497696,-7.0637317319,-5.7737759669,-21.2458755197,-0.9693804370,13.5462116508,-34.5576298378,33.7378221418,-26.8939769743,12.8762290651,14.3900849549,12.9810950914,13.6450273808,9.4611729322,-45.1779754982,17.5032571720,-5.2156309756,4.3875623217,38.9353785316,3.4337329845,3.6415993228,-26.3092771778,-16.9839708870,-23.2947297456,9.5015398053
-5.0359286967,2.2460479040,-20.7667729188,16.9639343712,-4.4067370046,-3.6369154869,-10.3296406472,-0.4985423781,4.8641785451,-16.6347208805,15.2302183347,-13.0413144479,5.2542350445,6.5787554591,7.3475412488,6.4722862889,2.0076957383,-22.3435143516,9.4890584330,-2.7738896453,0.4742913741,19.4487570203,1.6227481877,2.5418736557,-13.8623411052,-8.3204405232,-12.5672858641,5.4648753617
-4.6072849535,4.5649107779,-22.9514492130,18.0537176617,-3.3252365420,-2.5828945288,-11.5942804706,-0.2860586518,7.6012300681,-18.7264545328,19.0330382000,-14.3809000970,7.4100515762,6.9199529549,5.6155423682,7.3428945617,4.4330073908,-24.8906451095,9.4800769501,-2.2931844726,2.1733855083,22.0751097266,0.4008445024,3.3083323835,-12.8850671937,-9.4198115680,-12.6481047839,7.9366327429
-0.6809927821,-1.0834327936,-0.8306977153,-0.1349829286,1.0912603140,-0.4999560118,-0.1740790904,-1.2870922089,-1.2946894169,0.7892525792,-0.9890521169,0.2108888775,-0.0874190256,-0.2170813084,-0.4014428854,-0.0182211660,1.1274824142,0.9577623606,-0.4966965616,-1.1284207106,1.5579820871,0.2268465757,-1.3560271263,-0.0094146319,0.0306658875,-0.2440738380,2.2225809097,-0.2244712114
-13.4645274269,9.4025527388,-55.4606500205,46.0103159299,-11.1859613379,-8.5850830572,-28.5568025508,-2.7004026513,17.9009024663,-45.0744134630,44.0875073749,-34.9498430084,14.9673519733,19.6831230074,15.7963129157,17.9880274872,11.5943756307,-61.5673403936,23.6920046639,-6.5522545877,1.3394690487,51.4822703274,3.1922526114,5.9998088014,-36.4862877669,-22.2452438171,-33.9256248866,14.5475459830
0.4291347265,-0.3679485917,-0.6669821143,-0.2549819052,0.6302384138,0.0940965712,-1.5753250122,1.4061701298,-0.3455591202,-1.2243776321,0.9420197606,-0.3518961668,1.7524186373,0.2439391911,0.2545626760,0.9315274358,-0.5571916103,1.8180074692,-0.5032050610,0.8704698086,0.6509616971,0.4322072864,-0.1556674838,-0.5836040378,-1.8392425776,-1.2213999033,-0.1109630838,-0.7997709513
-16.9460914710,8.4547507935,-65.6451070965,52.3168147150,-10.7803937311,-7.4801128431,-35.2278026798,-2.0527040112,24.1113306942,-52.8299682791,51.1303339997,-39.3414236187,19.9087779567,25.2754794337,22.0095497537,20.6070966023,13.0068574141,-72.1164359023,28.7963134336,-6.9622599625,7.5201955313,59.3499492180,4.5118773342,7.8530384415,-41.9832465265,-24.9606080301,-39.0154897743,17.2475806988
-18.9088055646,13.2767396246,-80.3649562555,64.7713646463,-15.6100272754,-10.9169326446,-42.3155517449,-2.1107162642,28.5319391456,-63.9930415270,63.6866061948,-49.2559059789,21.0893218204,27.2092908241,23.7020627934,26.4381268757,17.2617598075,-87.0930744552,36.6787202718,-6.0666498686,4.6419915833,71.9664669894,3.2703052547,9.5692716460,-51.2282699177,-29.6320610173,-47.1376733846,21.0603025177
0.9337133169,0.2281982154,-0.8300948143,-0.0324741527,-0.6462057829,0.7215301394,2.6932721138,0.7091703415,-0.6985949278,1.3719980717,1.2102271318,0.3284218609,1.0505722761,-0.6357064247,-0.3533803523,-1.0150544643,0.2645595670,-1.6941200495,2.9749059677,0.0598670691,-0.3881945312,-0.1281117797,0.8919392228,-0.6875132322,-0.2686719000,1.5192766190,-0.5590138435,-1.2897762060
-2.4329204556,2.9978535160,-13.0943482322,10.7347826117,-2.8630509055,-2.8362804432,-5.7911787022,-0.7618154277,3.9471767617,-9.2703535312,10.8920913008,-8.4684979218,5.2708866748,3.5605067417,5.1512613431,3.5644369945,1.6719035881,-12.7495230358,5.6381994829,-1.5451359830,2.2880155963,10.7883295841,0.0784435100,1.5605741778,-7.5408972676,-4.9876176723,-8.9122879224,4.8499695570
-0.0062203933,0.4717963934,1.2693293095,-0.3715422451,-1.1194882393,-0.6395617127,-2.5676994324,-0.4778088927,0.9669812918,-0.1028181016,0.9503516555,-0.8580960035,-1.9740949869,-0.6133451462,-0.4917246997,2.6203474998,0.4871729016,-0.3352049887,0.3663016558,-0.9347326756,-1.5311661959,2.5755953789,0.4121167958,1.5841193199,-1.3445414305,-0.8936545253,-0.0035113243,-0.5394670963
-1.5642829867,0.2451871716,-7.0508780097,5.8313950748,-2.0617548518,-1.0285104287,-2.3253691392,-0.5028802588,4.2554276229,-5.0181848338,5.0469788281,-6.0272907422,2.4570297135,3.6526114646,1.4566964758,3.4166114533,1.3275604489,-9.2845541886,4.0203791055,-0.0771685622,-1.0370087163,5.5610330634,0.3967441217,-0.0508438634,-4.1240669257,-2.6912741190,-4.4669937566,2.3845171528
-3.3101620564,1.3549931578,-9.3371183117,9.1481484587,-2.0221034863,-0.6327353547,-4.0434768652,-0.7680932731,2.3476129654,-9.6725617046,9.3538493635,-8.0795294910,3.6504029278,5.4968419237,3.7516515925,4.1664809171,2.5769933740,-12.7756316325,5.5088657699,-2.7079960161,1.1609450719,9.5540956505,-0.0535469539,0.5431447768,-7.5569849811,-4.8052856963,-6.9769610953,3.0953708793
-3.0070927933,2.4664812963,-12.4709004140,7.5242667547,-3.5666401990,-1.8219513777,-6.4926599166,-0.6915617512,2.6627936254,-10.2455037358,6.3370068527,-7.1597587162,3.9098167171,2.5744370384,4.5798654594,4.9172915196,1.7051558803,-12.2567065571,5.5733379922,-1.5522597547,-1.1137608126,8.0510938525,-0.0149204809,1.8408083887,-7.7337293563,-5.0570097710,-6.4617808694,2.1905851189
-17.0788139120,12.1543152344,-70.5931078281,58.1491337442,-12.7411733507,-10.1224269525,-36.3965956173,-3.4415270212,24.3631131445,-56.9712152205,55.4066078507,-43.8037372879,19.1293385746,24.3993774475,22.8670738259,22.1461177468,16.5387574107,-76.1384279235,29.2193007570,-7.9150661377,4.5296156600,62.9473979058,3.9183650128,7.5510052364,-45.1034188599,-26.7586886573,-41.3971548097,18.3753777080
0.9003338218,1.9655156136,1.4954286814,-0.0241491720,1.8385013342,0.1776798666,-1.6142115593,0.9806563258,-0.3327450454,1.6359615326,0.8007539511,1.3491381407,1.8519899845,-0.5520570278,0.0070104511,1.7260875702,-0.3351533115,-0.2091118395,-1.3935791254,-0.2732535601,-0.8678576350,0.9659065604,-0.0425306670,-0.6699611545,-0.4828349948,1.4875620604,1.0586494207,0.7050668597
-27.4207711328,19.7423289274,-117.6519322767,95.3120887998,-20.9162039728,-16.9336391093,-59.8858474084,-5.3824138084,41.8448401544,-94.7139975185,92.5585607403,-72.5585713403,34.0226300189,41.7695150602,35.9224564885,38.7367114184,24.1717031393,-127.1008978611,51.3249803145,-12.8727369109,9.3039315202,106.2031577205,7.2592228432,11.1823414736,-75.5032530629,-44.4385064379,-67.6162749884,29.9338997581
1.1325633526,0.4372723103,-0.7782716751,-0.8206062317,-1.8058913946,0.2746661901,-0.1562982351,1.2063961029,-1.2195134163,-0.9085264206,1.1096509695,0.5734670758,-0.9246911407,-1.4833002090,1.1153905392,0.7807492018,1.3194452524,-1.6411091089,0.8012188673,-1.6496784687,0.0134627605,-1.1267869473,-0.3872898817,-0.7440477610,0.6222985387,-1.3740335703,-0.8735556006,-0.5256159902
-0.3020846248,-1.0008548498,0.1994899958,-0.4865366220,0.2769897580,0.0037134353,-0.1513857991,0.6286990643,1.5101106167,1.4231013060,-0.1342737526,0.5926828980,-0.3518936932,-0.1171114966,-0.9515237212,-0.1612640023,0.0648526624,1.7699493170,1.0814318657,0.6988791823,-0.6721701622,0.0319031663,-1.1101427078,-0.6351640821,-1.2805037498,1.5744949579,0.7436066866,0.5255197287
-11.1882301019,8.1158173922,-44.8174583868,35.4595750228,-8.4629236719,-5.1536262046,-21.2248961779,-2.4428599474,17.3539389676,-35.9051543788,36.4154797338,-26.4879271016,14.0659026430,14.6592406425,12.4944017847,15.4345215278,9.1610820184,-50.3025061038,19.6179729928,-5.3089740184,3.2900662321,39.0937747325,3.6245211535,4.6379626761,-30.1013819682,-17.6536522961,-25.2708221694,10.2096883604
1.8628911972,0.4592977166,-0.1175894737,0.8646609783,-1.3787686825,-0.1211777851,-0.8929125071,0.8807011843,0.7212567329,-0.2904081047,1.3274823427,-0.5936940312,-0.1206730604,-0.0516682863,0.6366813779,0.4578664303,-1.3313840628,0.1616585404,-0.1954600364,-0.0110956607,0.9684398174,-0.4035736918,-1.5400371552,0.6518377066,-0.3141704798,0.9294919372,-1.3934735060,-0.5356401205
-0.7080006599,-1.6494089365,1.0040823221,1.4598524570,-0.5396639705,-0.0924861282,1.2440166473,-0.5156949162,1.1751109362,-1.6838064194,-0.0162338931,0.0396951213,-0.9863283038,-0.5812446475,-0.4795380533,1.9024695158,-0.2701049745,0.7388061881,-2.1547172070,-1.4820486307,-0.7596484423,0.2435591519,-0.9171214104,1.7312877178,2.0030615330,0.3359957039,-0.0295129288,0.4658460915
-1.4786511017,8.6997795541,-1.3386250577,-0.5651147357,1.0614137484,11.0595639595,0.2510693104,-8.5808494007,6.0113435901,-0.9587617443,4.1449036328,-6.3794968794,-1.5904527365,-5.8009261107,3.3600141792,4.4583790102,-4.8467558255,5.4993049354,-4.5832004707,-5.3376661235,3.3864463316,1.8221251201,-6.8506954041,-4.1490429106,-3.4369364017,-3.5394701725,1.2538695323,-6.9215561728
-2.2761234113,21.7881279706,-3.6037094602,-0.8921649806,6.0150591837,27.4550328681,3.6510754804,-20.2707703158,14.8291124339,0.5650466168,8.6655833624,-12.9538145086,-4.5137195531,-15.2151621957,7.6857543617,7.5431344255,-13.5321985612,9.7044556556,-11.5402492552,-13.0267767890,11.7037898605,5.0256203235,-16.0591915609,-9.1892738002,-9.1297848803,-7.1558243013,3.9387113428,-17.9600210325
-4.8360922799,62.0908440017,-15.1229296965,0.2863130444,15.3610665421,84.0608737825,8.0896012568,-63.1898340328,40.7132624312,0.0423004330,28.4672818163,-42.5208961934,-10.6549253892,-41.2382884908,25.8105209632,25.1914583564,-39.9339570824,34.1795993480,-32.3712924225,-39.6597261586,28.4174633404,15.6296969742,-48.9639006913,-26.5439336832,-29.0765040314,-24.1898142331,13.2105106944,-52.0610766234
-0.1722936481,2.0129075050,0.4669422507,-0.9679958820,1.9038882256,1.0237123966,1.0559594631,-2.2037901878,-0.1825940609,-0.9298169017,-1.2947238684,-0.5673374534,0.8249354362,0.2031363100,-0.9399365187,-0.4853099585,1.0577239990,0.9733757377,-0.4141698182,0.8582484126,-0.7665761709,-0.1728317738,-0.7351787686,0.7817319036,-1.0506531000,0.1674486250,-0.6465191841,-0.5284310579
1.2826602459,-0.2048697025,-0.5267704725,-0.7990772724,2.3711757660,0.3052482009,0.2543034852,-0.1957125515,0.2649917901,-1.7315233946,-1.2339227200,-2.3238070011,-1.3481104374,1.0187171698,-2.2008106709,-2.2767012119,0.4666689336,-0.7827964425,0.7988530397,-0.6182433367,-1.2498586178,-0.4284998178,0.8207436204,-0.6653368473,0.4215099812,0.4667634070,-0.0717850700,-1.1956973076
-1.6351724863,-0.4018563926,0.4663852155,-0.7114979625,-1.4565075636,0.3461188376,-0.6567369699,-0.2113325745,-0.8232906461,0.5941252708,0.0407705121,-0.0501484126,-1.0275776386,-1.8615424633,-1.3669614792,0.9361208081,0.8415423632,0.1957710534,0.0963270441,0.8017521501,0.1563938856,-0.9655706286,-0.0492310859,-0.3273033500,-0.4413503110,0.8356463313,0.8441890478,0.6300666332
-1.0585236549,0.5703379512,1.7550091743,-0.4998019338,1.4723325968,-1.6803086996,-1.1299239397,0.1636963040,-0.9608266354,0.1568506956,1.7594732046,0.6256490946,1.1926025152,0.3053882420,0.5250692964,0.5333839655,0.1457601637,-0.3765843511,-1.8212554455,1.7404451370,0.9984446168,1.0812345743,1.3320128918,-0.3158956468,-1.8541860580,0.0253100581,-0.0863487571,1.2732783556
-0.1144290131,35.7480001911,-9.1453850987,-0.5667400330,7.4107526689,47.6146047374,6.5928658955,-34.6569382025,24.4595383214,-0.2599039364,14.0395395393,-25.2779123092,-6.5247624199,-25.5708972697,13.7404202709,14.3955792878,-22.9640070293,20.2231968288,-20.3947412406,-24.4670842684,17.2237016836,9.8303963792,-27.6041013961,-15.7810784759,-15.6165297235,-14.3735564158,7.3141317926,-30.4420464455
-1.4049407244,-0.3721182346,1.3770698309,-0.5849048495,-0.0075092441,1.3389374018,-0.6911077499,0.1907486320,-0.1382256299,-0.0368573889,1.4370478392,-0.6589087844,1.5774211884,2.3329832554,1.7320252657,0.5865557790,-1.8132692575,-0.9440593719,-1.0907707214,-0.7095126510,-0.3470129669,0.0813754648,-0.1045979857,2.1811056137,-0.4941195250,0.1246827245,1.7737026215,0.0381630547
0.4496745467,-2.0959391594,0.2354201078,0.3966287374,-1.2033289671,-1.5718050003,1.2354977131,0.3953083456,-0.3342757225,-0.4776198864,0.1796566546,0.0655323491,1.2642810345,0.7648712397,-0.2310520709,1.6630922556,-0.0917801559,-0.0437314399,0.1645151377,-0.1005777344,-0.8927792311,-0.4790641665,-0.3865051270,1.9628522396,-1.4422316551,-1.8992844820,-0.2677003145,0.1165470108
1.3809876442,-0.7523513436,-0.1680496484,0.6051943898,1.3736970425,1.2768548727,0.8973571658,0.4971927702,0.3363332450,-0.6308228374,1.1778448820,-1.6407586336,-0.9471756220,-0.6533969641,0.9286072850,-0.0660440996,-0.9500057697,0.7403865457,-0.5288641453,-0.4564731717,-1.4534657001,0.4885718226,-0.3345425725,-0.3480457067,-1.3943269253,0.6992979050,-0.0650050268,0.9432518482
-1.6598320412,20.0064272415,-3.0266907307,-2.0874366412,4.4185018621,26.9088200983,2.2849915348,-19.6364296249,11.7016268227,-0.8758725705,9.0976360126,-13.9731934367,-3.6208047060,-14.2327480726,6.7942755823,8.2311487587,-14.6308906165,11.7102296117,-10.7228801303,-11.6960523462,8.6617431037,4.4686249837,-16.5149730477,-9.7124276821,-9.1001279092,-9.4400293173,5.2077559700,-17.6991695379
-0.9145160317,-0.1662043482,0.5552202463,0.6083323956,0.0366532877,0.8892416954,-0.3095462620,-0.7767871618,-1.4406250715,-2.5168924332,-1.4671171904,0.6195822358,-0.8406292796,-1.6989572048,-0.0412317067,-0.9996826053,0.2200557590,0.8269414902,1.1444106102,-0.6214368343,-1.3681935072,2.1825020313,-0.1187942252,0.8890679479,-0.3508612514,-1.1419225931,-0.1377804577,-1.0765223503
-1.3480836797,40.3140604103,-9.0881476423,-0.7089084326,11.3638403664,58.4135503810,4.7207952559,-43.7382526781,28.1758018133,-0.5167772117,18.3749650721,-30.9786661266,-6.7284617937,-29.0858503313,15.7388258142,17.7743238082,-29.9714079794,24.6222148320,-23.6773326661,-27.0093043462,18.0211216096,11.0672910408,-33.7911247511,-18.7963247109,-17.6993904164,-16.0440692240,8.9406738444,-36.4523897005
-0.9295003414,-0.3003999293,-0.7449665070,-0.1580707133,1.3249292374,-0.9214549661,-1.2094883919,0.6775447726,0.7351837158,1.1233301163,0.1610789448,0.8336096406,-0.7550230026,-1.4447938204,0.8097063899,0.9548763037,-0.0949430391,-0.0695318729,-0.3861578703,0.1164640412,-0.0365646407,0.9483654499,-1.8961851597,0.6051756740,1.1796469688,-1.5245027542,0.4108971655,-0.2423080355
-2.2382425135,11.4624685592,-0.5044018909,1.5133036456,6.4456555337,16.6407598173,0.8454297680,-12.5120118353,6.6769516948,-0.2747195630,5.9395908974,-10.0160299266,-4.5261237618,-7.5354281898,6.3308260568,7.3415235965,-9.0396258812,5.7090392628,-5.3819246915,-9.8152032621,6.5566814439,3.8817463730,-8.5272917314,-3.8614231692,-6.9336121235,-3.5003492624,3.2864525329,-9.7206279993
0.1023817807,0.0694277436,1.5471587181,-0.3456111550,-1.7812029123,-0.0915148705,-0.1161866337,-1.1313596964,-0.4356263876,-1.8254159689,0.1974970847,-1.1605634689,-0.8986409307,-0.0648610741,1.4812415838,0.2117887139,-1.4915596247,0.0996606946,-0.1122028381,0.9752326608,-0.6624251008,0.4934451878,0.4631329179,1.3195197582,0.7651134133,0.1527557671,-0.4490422010,-0.7265717387
2.5081574917,-1.0134264231,-0.2826967537,0.5861309767,-1.4322246313,-0.4483003020,1.6456812620,1.1469715834,-1.6378194094,-1.0555427074,0.1575008035,1.4088119268,-0.4870143831,-1.0654308796,-0.4429239333,0.2372866124,0.4305231571,-0.3237593472,-0.4078722000,-0.7737267613,1.9852811098,0.9133449793,1.3954342604,0.8891182542,-0.1477130949,1.2281410694,-0.6580219865,2.2950944901
0.0602340065,0.4923138618,0.3453309536,1.4312913418,0.1815204024,0.0941012129,-0.5218763947,0.3592410684,0.3436535597,-0.8592602015,0.2612346113,-0.7826816440,1.0979046822,-0.4457576871,0.3535201848,0.2866559029,0.6743831635,1.5783596039,-0.5851658583,1.0565448999,0.3080715239,-1.8227186203,0.8523575068,-1.5485210419,-2.3759117126,-0.7936093211,-1.1502103806,-0.5651096702
-0.8679872155,1.9488881826,0.3911025524,0.6315717101,-0.6785918474,-1.2212282419,-0.7222872376,-0.3707751334,-0.1822288781,0.2749373317,-1.0855485201,-2.1070923805,1.5523835421,0.8310410380,-1.2723821402,-1.8052822351,0.1388650239,-1.5031325817,-0.3964034617,0.1131448224,-0.3009292483,-0.1621016711,0.5256020427,0.1281455159,-0.8447596431,-0.9426414371,0.8938449025,-0.9289414287
-0.8566503875,21.6763129525,-4.2204340303,-0.3263902634,5.2819292803,28.0758801936,1.5751107454,-22.4247825538,15.2050680119,0.1639060900,9.9844833877,-15.5139725718,-4.7800597227,-17.5095897183,6.7834980455,8.5426813915,-12.7108292481,10.8273981052,-12.3039185763,-14.7701309256,9.2326340011,6.2634341472,-16.8462578386,-7.2681047223,-8.3310413510,-9.2097975559,5.4668382364,-17.9045994885
-1.9628403563,38.3416877751,-8.5178840634,-0.8283894903,7.6604032344,54.6170440171,6.2294255157,-41.8992024864,27.5974342026,-0.6738457560,18.1181745690,-30.7143323637,-6.7763562992,-27.7422463674,14.3652361874,15.6628655261,-24.9460126475,22.9473178994,-22.3823853535,-25.1675292210,18.4982577761,11.4340986424,-30.2888739520,-16.4433461239,-17.9426974269,-15.5394676393,7.1208690402,-33.2577450708
-1.4497819947,27.4758393424,-6.9472694723,-0.8035912247,7.4340132456,41.0640665049,4.0369302861,-29.4751325915,18.5156266358,-1.2104950640,14.2977782202,-21.6712402935,-7.9112268111,-20.9369757147,11.9366781728,13.4542341701,-19.6143242147,17.4455508232,-16.1330083030,-19.0039710250,11.8517016785,6.5149193936,-23.5681992097,-12.9397878572,-13.3962518095,-10.9596030963,6.4251968703,-24.4896954469
0.0021403892,1.5962291314,-1.2582075684,0.1174933639,0.9760502617,2.1794265676,-1.1871007722,-0.2965784732,1.6152392499,-0.8800005892,1.6852201146,-1.2652829558,-0.1974834581,-1.1417987895,1.1432523852,1.9753167472,-0.8796066937,1.9542771124,-0.6305607956,-1.9047772321,1.6111192750,-0.2418033707,-0.9788132659,-0.6552137350,-1.0526597276,-0.9053175066,-0.0579470422,-1.3731298548
0.3249834180,0.1192987859,0.9962753654,-0.7390145659,0.0238002948,-0.9677432775,-0.7173327208,1.2372655869,0.9929975271,-0.0025784574,-2.5149445534,-0.4679289162,-1.8156727552,0.5510977507,1.7147902250,0.4424467087,1.9382827282,0.2058414221,0.5017887950,0.5600924492,0.7795916200,-1.6818871498,-1.6243348122,0.9644585848,0.3920001388,1.3331565857,0.5534578562,0.3062013984
-0.8677421808,-0.0386929475,-0.3293520808,1.2435164452,-0.7589184046,0.1887546927,-0.4601563811,-0.1733079255,-0.2868914306,0.2623169720,-2.0724892616,-0.0871812552,1.8870368004,0.0618647486,-0.9803804755,-1.2141723633,2.2606449127,1.9184660912,0.8591421247,-0.7696196437,-0.5740792155,-0.2438632250,-0.6436092854,-0.3904429376,-1.5364166498,-1.1172696352,0.3739789724,1.6273999214
0.7013503313,0.2757957280,-0.7358082533,-0.4616397619,-0.4528064132,0.3277751505,0.9219270349,-0.6844229698,-1.1418457031,1.5120514631,-0.0639621988,1.4632759094,0.6792235374,0.0884508267,0.1952935904,0.1445645094,0.9563499689,-0.8725906610,-0.5441130400,1.6229468584,-0.8930187225,-2.8321166039,-0.1524517983,-0.9677095413,-0.2851363420,1.4672271013,1.8563987017,1.0000543594
1.9560042620,-1.2730367184,-2.0569839478,-0.4496249855,-1.0004590750,1.4335335493,0.7882325649,-1.2758566141,-0.8455778956,-0.1536955088,-0.1097929105,2.6105675697,0.3559400439,0.1408228576,0.6322072744,0.5082439184,0.5260944366,-0.5202432871,-1.2107660770,-1.2088117599,0.1911909133,-0.3242368400,-0.0989866406,0.0035942933,-0.8668485880,-1.3529996872,-0.3107530773,0.2549214065
0.2554232478,0.3763175011,0.0659288317,1.6547219753,0.1523749232,-0.5135248303,1.2977255583,0.7952600121,-0.2040977627,0.1844170690,0.8782520294,-1.4238315821,0.8904942274,1.1524040699,-0.9989200234,-1.2191642523,-0.5782121420,0.4368987083,-0.8462851048,-0.3673475683,-1.1911362410,-1.5978993177,0.1761523336,0.8349260688,-1.0542917252,2.1959362030,-0.4027145207,0.6600801349
-2.4545785291,2.5659960500,-2.0869727515,-7.7139265261,4.9263817231,0.1236696298,6.2090994798,-4.4948661015,-1.5776648117,-3.0745699320,-7.3651138805,-0.6763439140,-2.4498340300,-3.5146503162,3.0815276972,-1.4430754491,-0.8998350984,-1.1654883785,3.6823533122,0.3562802197,-8.4222218233,-1.0079425931,-1.5743011545,4.0541694333,-7.1056235369,-2.4304435018,0.1238343336,-2.4008181399
-6.9261020106,3.4010788581,-2.8176140816,-17.0620477031,11.9652055576,-0.8415715972,14.3789307286,-13.3273960112,-1.4320062231,-6.7800621429,-16.6856200020,-0.3114533560,-6.5028489707,-6.7949919742,2.8553842058,-7.0681142435,-3.9246009747,-2.0158890667,9.3068060270,-1.9763043790,-16.1798228825,-3.4369179345,-3.7300763281,11.4837748318,-19.1891450757,-2.1035552480,2.2428635010,-5.0359669355
-1.9500008878,0.8388721761,-1.5410609387,-8.5864077547,5.7072883475,0.5738083623,6.5972205439,-4.7387004530,-0.6854445680,-3.9857620525,-7.0400799716,-1.5268493957,-1.9211914088,-3.0656712403,1.8950840375,-2.4862984575,-2.3972430232,0.3874117995,3.5293720643,-2.2847563792,-8.1403518986,-2.8795769228,-1.2344072340,4.0943226986,-9.2164082690,-0.7892692454,1.6902151786,-1.4269616375
-5.0586447535,6.4646764561,-3.2839280331,-15.0699059741,11.2088219503,-0.6466879636,11.5140091171,-12.6632353651,-1.5674813818,-4.1665351596,-15.1100279364,-2.3410962277,-4.5297287964,-6.1865004926,2.3399194052,-2.2687257282,-3.7510237624,-3.1087734150,5.9430267643,-1.0076427922,-15.3646450648,-2.8501045572,-2.6937878792,7.3921558468,-17.2872816689,-2.3506968020,1.7473974420,-3.7630391171
0.0892927125,-0.2142221481,0.3750000000,-0.3622546792,1.3091503382,-2.6737418175,0.4288535118,-0.8286776543,-0.8375236392,-0.7607710361,-0.8124349117,0.6589370966,1.5305953026,2.0167245865,0.9206156731,-0.7836896777,-2.3451645374,-0.2234380394,1.6017000675,-0.5452796221,-0.5697304606,0.5223159790,-1.7989342213,-0.4273340106,-1.6501588821,-1.0391533375,0.8688884377,0.5048355460
-0.2191847414,-1.6210460663,-1.4750456810,0.8171923161,-0.0144678410,-0.5872810483,-1.2219767570,1.0867860317,-0.8108531833,-0.3217315972,-0.6994007230,-0.8279675841,-0.3411184549,0.5353151560,-0.4413714111,-0.2397451252,0.4353735745,0.3413625360,0.6144478321,0.4476758540,-1.9150576591,0.3954449594,1.8291978836,0.9617311358,-0.3955895603,-0.0538376346,0.3377784789,-0.7102860808
1.9544790983,-0.1344064176,0.0784041062,1.9560861588,0.5278264880,0.1307793409,-1.3035444021,0.3704159260,-0.8592043519,-2.2419903278,-0.8135589957,-1.1463040113,0.8681555390,0.5812277198,-1.0212224722,0.3217640519,0.2741144896,0.7865610719,0.0899567455,-0.6619591117,0.0999812484,-0.1614478528,-0.8914124966,0.0188743547,1.7044619322,1.2598371506,0.2776498497,-0.3092204332
-5.6398049895,5.4462644579,-2.0739207616,-20.8207876901,11.4348972048,0.1573170107,14.3656177186,-14.1281049460,-1.6551287375,-8.0512086120,-16.2694050209,-1.0674444928,-5.9268162732,-7.3092620059,5.2840114487,-4.8076339458,-5.9685809842,-3.1224445934,7.5887100868,-0.4928798205,-17.0121729940,-3.3951188227,-3.5125596466,10.6039434986,-21.1422383038,-3.7025185997,1.8318891900,-6.2288386790
0.7874001861,-0.4367164373,0.1470852643,0.3630385697,0.7092446089,1.9575575590,0.8610125780,0.6639935970,-0.8633379936,-0.2786599696,-0.7630052567,-0.3418572545,-1.0663055182,1.0735923052,-0.1004979834,0.5640364885,-0.0217404012,0.0584021844,0.0791060477,-1.0262578726,-0.1131678671,-0.5032853484,-1.2811833620,0.2296531200,0.9769841433,2.1965749264,-0.8312115073,-0.3584917486
0.3630525172,2.6711325645,1.5879404545,0.4063538313,-1.1904680729,1.7172150612,-0.5262688994,-1.1549527645,0.3368362486,1.2764616013,-0.1360677779,-0.2067698389,1.0639649630,-1.8551341295,-0.7461693883,0.5748251081,0.4237066507,0.7101671696,0.8764991760,0.5554888844,-0.9013774395,-0.8653870225,1.0770270824,1.2425092459,-0.9102401137,-0.8606082797,0.4849480391,0.7117536664
0.0270212990,0.2101273907,-1.5609938944,-0.0278976541,-1.1799673841,-0.6411584375,1.5024642251,-0.3453872856,-1.3354397391,0.7981137643,-1.1419285511,0.8572399026,0.1207366304,1.1476247390,0.0023375572,1.6376857386,0.3974001754,-0.0304260191,-1.0846668124,-0.8577341521,0.7247123938,1.9815291800,-1.2725205085,0.1185403916,0.7135462006,-1.5834718315,0.0333458367,0.4975524448
-2.4168264114,0.8322656767,0.6406710635,-4.4970135923,3.2591130382,-2.8097810882,3.0136268942,-3.5058291303,-1.2655335634,-1.1940365712,-4.0930910561,-1.4211969578,-0.8700811449,-1.6362809638,1.3042439432,-0.5670994081,-2.9601899421,0.3717794516,1.0507073158,-0.4772514739,-3.4423901298,-0.3002664998,-2.1264068410,2.8957951960,-1.7377442477,-0.6111283539,1.8886530858,-1.1039789051
-4.4015838749,2.8238339159,-0.5761127066,-12.3449848990,8.4619960240,0.5796462904,7.2081446566,-6.3584473244,-2.7050110154,-2.6829837420,-10.0818320385,-1.8211065975,-2.6596984583,-2.6068329000,3.6795767963,-3.9408562863,-2.6845809222,-0.7796570050,4.3888574394,-0.6580215122,-8.3108456753,-3.5002544829,-1.8902044076,5.9167478664,-9.4540189289,-0.2413006011,1.0203514303,-3.6333887963
0.2108078450,0.0138429999,0.3217663765,1.3080259562,0.0891710073,-0.0560188256,2.1617269516,1.3052098751,0.2720585465,0.4048670530,-1.0018408298,-1.1147243977,-1.2799201012,-0.3372373879,-2.2145361900,0.0722367689,0.8250684738,-0.1957705021,0.3109920919,-0.3356478810,-0.5902976394,-0.8317478895,-0.3190286756,0.4026384056,-0.3754165471,0.7710986137,1.3312729597,-1.7957520485
0.6721031666,-0.6691610217,0.0437880233,-0.3505692780,0.0177422706,-1.1661112309,-0.0390486531,-0.1428170204,-0.6569175720,-0.5632317066,0.6463785768,-0.7310732603,0.3436344266,-0.6786775589,-0.7418098450,-1.0378956795,-0.5171146989,-0.2794147432,1.1591658592,0.2155657709,-0.4608995020,1.3330849409,-0.4500896931,0.2020406574,-0.4336079955,-0.9822526574,-1.1212168932,-1.1889253855
-3.8089720127,1.7180975007,-1.0297625505,-8.0981108116,5.1722835046,1.4637668047,5.1239395638,-4.4971902800,-0.3170601541,-3.7792067577,-7.4804499905,-1.8712964306,-1.3548883763,-2.6024564593,2.3849849210,-2.6195204972,-1.5744433008,-0.8353390764,4.1332354671,-1.5982760562,-6.6123088792,-1.4830788880,-0.0534499776,3.7555602916,-9.0920916595,-3.0040449571,0.2959162893,-3.4746841050
-16.3600833699,13.6414967909,-6.8954104752,-43.6732441349,28.6341342384,-0.3993918801,31.2724599088,-30.4936999500,-7.1795439546,-14.1044817303,-38.7398845836,-4.7445883855,-14.6230827897,-13.4284944383,10.4620301840,-10.6901609451,-14.1894748292,-3.5157092098,19.0219660262,-3.2477441762,-38.4587563555,-7.9764295631,-8.4617085763,23.6415040978,-46.6491357437,-6.1716281770,2.1933821568,-10.2535853931
-0.9514961243,-0.3215121627,0.4692759216,1.2893098593,-1.0484097004,-0.6046079993,-0.7090975642,0.8801512122,-0.3247193992,-1.7510542870,0.7931335568,-0.1780458242,-0.4568825364,1.5561883450,0.2820666432,1.0407835245,0.2090556473,0.1864405721,1.1684787273,-0.8929920793,1.8019710779,1.7463905811,-0.7604872584,1.1274415255,-1.7447679043,0.3074285388,-1.5182437897,-0.3599798977
0.1685258895,-0.7381897569,-1.2404338121,1.2455527782,1.2431268692,0.8981442451,-2.0191402435,-1.2116987705,-0.5078843236,-0.0723555759,-0.6270231605,1.1434521675,-0.2448982596,0.6268171072,0.7012068033,0.7976114154,0.2331496477,-0.4174576998,0.8953912258,0.1880977750,1.9404525757,0.5323376656,1.9823811054,0.1365394145,0.0404681601,0.9788540602,-0.8159736991,-0.1543354392
0.0714947581,0.2022577077,-0.2523368299,-0.2511153817,-0.4536043108,0.6770696640,1.5280116796,-0.3193396628,2.0181252956,0.9817480445,-0.6606977582,-0.9916744232,0.3783919215,-0.7557477951,-0.2551335692,-1.1863034964,-1.3189576864,-0.4974114597,-1.9129542112,-0.5419842005,-1.2549512386,1.6272479296,-0.2674223185,1.2980579138,1.2396310568,0.8531677127,3.7967305183,-0.8192380667
-0.6151158810,0.8775557876,-1.7530908585,-0.5549224019,-0.2054486275,0.1695897877,-0.5493322015,-0.2159113586,-0.2120801359,-0.1187886074,-0.5512016416,-0.9037199020,-0.5303156376,-0.0234220382,1.9196716547,1.8481873274,-1.0672796965,-1.1214995384,0.3847950399,-0.5300430059,0.7333672047,0.3444738984,0.3415014446,-0.6428607702,-0.1404326856,-0.1937655807,0.1888626516,0.8774169683
-6.6374906523,7.6894475871,-5.1655608330,-25.9868541636,16.8215464386,0.9088881583,17.4398274733,-19.8124476174,-3.0236473925,-9.3781010813,-22.1925872279,-2.6475510117,-8.4152310873,-8.3125609012,4.3485688165,-5.8763221609,-8.1781480449,-1.1544673382,11.4027549003,-3.2106365818,-22.6174108228,-6.1375714851,-3.9027744247,13.8804075091,-27.8705851926,-3.8774180123,1.8693128966,-6.8381286787
-5.4981127680,7.5755498100,-4.2573924815,-20.9162471419,14.4940601436,2.2600092834,15.8889730612,-15.5385338299,-0.9894477149,-7.2753394676,-18.2123475383,-1.3873815110,-5.7370103139,-6.8757465343,3.5659645039,-5.0924109738,-4.9127007910,-3.2077336594,7.4068249819,-3.2107573973,-19.4809516361,-4.3491337683,-4.1995499370,13.1245605276,-23.4393697697,-3.6105593969,1.4945911212,-3.7631928717
-7.9899905592,6.9192557037,-3.1820185292,-23.5262483583,14.0712184024,-0.0080243989,17.3389258020,-16.1105460954,-2.7161811570,-7.5875979027,-21.6653599703,-3.7485440484,-6.8474388347,-9.5228391029,6.5489599070,-5.5635920121,-5.6871547985,-1.5002546794,11.4459579224,-3.7429080971,-21.6050618539,-5.6108780394,-5.7739815699,13.8616228106,-24.8816551009,-3.0130941263,1.4595780705,-6.2776693661
-1.3813518286,-0.2104801983,-0.5097039342,-0.5046329498,0.1390752643,-1.0424702168,-1.0241166353,-0.5036960840,1.2873799801,1.6398525238,1.3236447573,0.5785417557,-0.7315993905,-0.3170034885,-0.0942756757,2.3790090084,-2.4113018513,0.8173653483,0.4566426277,0.9015538096,0.3883006573,-1.2389301062,-1.8537564278,-0.6358005404,0.7741397619,-1.0510925055,0.4586868882,0.1809236407
0.2680830956,0.4905507565,1.5085285902,-0.4279629290,-1.2624421120,-0.6964008808,0.5666778684,-0.6520636678,-1.2683031559,0.2145284116,-0.5309981704,-0.0589230247,-0.6759549975,-0.7182803154,-0.2010879964,0.4941413701,1.9012284279,-1.6071063280,0.1739717722,-1.5256125927,1.0429227352,-0.4451867938,0.2901171744,0.7659352422,-0.3608429730,1.1863162518,-2.2108745575,-1.3984677792
2.0428314209,-0.5814155340,1.6352027655,1.3903759718,-0.2263277769,-0.8880929947,-1.0228670835,-0.3281987607,0.5597006083,-0.3520128131,1.0527076721,0.2530242503,-1.3427670002,0.4102059007,0.7694182396,-1.4527446032,0.2649322748,-0.0971692055,-0.2225604653,0.5141950846,1.5099545717,-0.7184185386,0.2164967209,-1.1798926592,-1.3983318806,-1.0858721733,-0.8438578248,-0.3645426333
-0.9794337153,1.4373545647,-6.1246815527,6.3274862373
0.5301007032,0.2973917723,-0.3261641562,0.3094885349
0.5816487074,-0.6360056996,0.4423350990,0.1289632767
-0.4433501959,-0.8181818724,-2.1351561808,2.0954487585
-0.4058310091,-2.2398405075,-52.8816024996,53.2617295422
0.6947665215,-0.1862593889,0.3468532860,0.4080223143
-0.2881698608,0.5075322986,-21.2454227107,21.8491987186
-0.0530331284,0.2447807938,-18.5192989088,19.7555551059
0.5980207324,-1.3362166882,0.5926264524,0.3662138581
-0.9251442552,0.2207362801,-58.4302478523,55.6008039207
-2.7629036903,-1.7729567289,0.6677866578,-1.1102203131
-0.9000537395,0.6556900144,0.3804417849,0.1798976958
0.8884459734,-1.1304576397,1.3975279331,0.7820072770
0.1111798435,1.6843936443,-0.6448401213,-1.3261435032
0.5176234245,1.6562030315,0.9896700978,1.4969331026
-0.2645961344,0.4366159737,-13.0472723859,13.7628129142
-0.2329853475,0.2967577875,-1.3299753544,0.0167787549
-1.1788711548,1.6694766283,0.1805465519,0.0122518335
-0.1650846452,-0.3644050956,-1.8140395880,-0.9126802683
-0.4843447208,0.0578691065,-14.5464284917,12.0322192212
0.8734344840,0.3555553257,-26.4088113358,26.8234471729
0.4742583930,-1.0424500704,-7.1818625590,6.8403053468
0.0032010654,0.3234189749,-4.6589692380,5.4526626612
-0.5389043093,0.0085992841,0.1377598941,1.3400166035
0.1548953205,0.4743982553,-1.1825839884,-1.1771082201
2.4580912590,-0.3575012088,-2.6779082486,5.1733203599
-0.7035057545,0.3820889592,-89.8318497322,90.7493141971
1.7080394030,-0.5744794011,0.8626934413,0.8893604751
